1970-01-01 01:00:00	0	0	100		alive
1970-01-01 01:00:01	1	1	100		alive
1970-01-01 01:00:02	2	2	100		alive
1970-01-01 01:00:03	3	3	100		alive
1970-01-01 01:00:04	4	4	100		alive
1970-01-01 01:00:05	5	5	100		alive
1970-01-01 01:00:06	6	6	100		alive
1970-01-01 01:00:07	7	7	100		alive
1970-01-01 01:00:08	8	8	100		alive
1970-01-01 01:00:09	9	9	100		alive
1970-01-01 01:00:10	10	10	100		alive
1970-01-01 01:00:11	11	11	100		alive
1970-01-01 01:00:12	12	12	100		alive
1970-01-01 01:00:13	13	13	100		alive
1970-01-01 01:00:14	14	14	100		alive
1970-01-01 01:00:15	15	15	100		alive
1970-01-01 01:00:16	16	16	100		alive
1970-01-01 01:00:17	17	17	100		alive
1970-01-01 01:00:18	18	18	100		alive
1970-01-01 01:00:19	19	19	100		alive
1970-01-01 01:00:20	20	20	100		alive
1970-01-01 01:00:21	21	21	100		alive
1970-01-01 01:00:22	22	22	100		alive
1970-01-01 01:00:23	23	23	100		alive
1970-01-01 01:00:24	24	24	100		alive
1970-01-01 01:00:25	25	25	100		alive
1970-01-01 01:00:26	26	26	100		alive
1970-01-01 01:00:27	27	27	100		alive
1970-01-01 01:00:28	28	28	100		alive
1970-01-01 01:00:29	29	29	100		alive
1970-01-01 01:00:30	30	30	100		alive
1970-01-01 01:00:31	31	31	99		alive
1970-01-01 01:00:32	32	32	99		alive
1970-01-01 01:00:33	33	33	99		alive
1970-01-01 01:00:34	34	34	99		alive
1970-01-01 01:00:35	35	35	99		alive
1970-01-01 01:00:36	36	36	99		alive
1970-01-01 01:00:37	37	37	99		alive
1970-01-01 01:00:38	38	38	99		alive
1970-01-01 01:00:39	39	39	99		alive
1970-01-01 01:00:40	40	40	99		alive
1970-01-01 01:00:41	41	41	99		alive
1970-01-01 01:00:42	42	42	99		alive
1970-01-01 01:00:43	43	43	99		alive
1970-01-01 01:00:44	44	44	99		alive
1970-01-01 01:00:45	45	45	98		alive
1970-01-01 01:00:46	46	46	98		alive
1970-01-01 01:00:47	47	47	97		alive
1970-01-01 01:00:48	48	48	97		alive
1970-01-01 01:00:49	49	49	96		alive
1970-01-01 01:00:50	50	50	96		alive
1970-01-01 01:00:51	51	51	96		alive
1970-01-01 01:00:52	52	52	95		alive
1970-01-01 01:00:53	53	53	94		alive
1970-01-01 01:00:54	54	54	94		alive
1970-01-01 01:00:55	55	55	94		alive
1970-01-01 01:00:56	56	56	94		alive
1970-01-01 01:00:57	57	57	94		alive
1970-01-01 01:00:58	58	58	94		alive
1970-01-01 01:00:59	59	59	94		alive
1970-01-01 01:01:00	60	60	93		alive
1970-01-01 01:01:01	61	61	93		alive
1970-01-01 01:01:02	62	62	93		alive
1970-01-01 01:01:03	63	63	93		alive
1970-01-01 01:01:04	64	64	93		alive
1970-01-01 01:01:05	65	65	93		alive
1970-01-01 01:01:06	66	66	93		alive
1970-01-01 01:01:07	67	67	93		alive
1970-01-01 01:01:08	68	68	93		alive
1970-01-01 01:01:09	69	69	93		alive
1970-01-01 01:01:10	70	70	92		alive
1970-01-01 01:01:11	71	71	92		alive
1970-01-01 01:01:12	72	72	91		alive
1970-01-01 01:01:13	73	73	91		alive
1970-01-01 01:01:14	74	74	91		alive
1970-01-01 01:01:15	75	75	91		alive
1970-01-01 01:01:16	76	76	90		alive
1970-01-01 01:01:17	77	77	90		alive
1970-01-01 01:01:18	78	78	90		alive
1970-01-01 01:01:19	79	79	89		alive
1970-01-01 01:01:20	80	80	89		alive
1970-01-01 01:01:21	81	81	88		alive
1970-01-01 01:01:22	82	82	88		alive
1970-01-01 01:01:23	83	83	88		alive
1970-01-01 01:01:24	84	84	88		alive
1970-01-01 01:01:25	85	85	88		alive
1970-01-01 01:01:26	86	86	88		alive
1970-01-01 01:01:27	87	87	88		alive
1970-01-01 01:01:28	88	88	88		alive
1970-01-01 01:01:29	89	89	84		alive
1970-01-01 01:01:30	90	90	84		alive
1970-01-01 01:01:31	91	91	84		alive
1970-01-01 01:01:32	92	92	84		alive
1970-01-01 01:01:33	93	93	84		alive
1970-01-01 01:01:34	94	94	84		alive
1970-01-01 01:01:35	95	95	83		alive
1970-01-01 01:01:36	96	96	83		alive
1970-01-01 01:01:37	97	97	83		alive
1970-01-01 01:01:38	98	98	83		alive
1970-01-01 01:01:39	99	99	82		alive
1970-01-01 01:01:40	100	100	82		alive
1970-01-01 01:01:41	101	101	82		alive
1970-01-01 01:01:42	102	102	82		alive
1970-01-01 01:01:43	103	103	82		alive
1970-01-01 01:01:44	104	104	82		alive
1970-01-01 01:01:45	105	105	81		alive
1970-01-01 01:01:46	106	106	81		alive
1970-01-01 01:01:47	107	107	81		alive
1970-01-01 01:01:48	108	108	81		alive
1970-01-01 01:01:49	109	109	81		alive
1970-01-01 01:01:50	110	110	81		alive
1970-01-01 01:01:51	111	111	81		alive
1970-01-01 01:01:52	112	112	81		alive
1970-01-01 01:01:53	113	113	81		alive
1970-01-01 01:01:54	114	114	81		alive
1970-01-01 01:01:55	115	115	81		alive
1970-01-01 01:01:56	116	116	81		alive
1970-01-01 01:01:57	117	117	80		alive
1970-01-01 01:01:58	118	118	80		alive
1970-01-01 01:01:59	119	119	80		alive
1970-01-01 01:02:00	120	120	80		alive
1970-01-01 01:02:01	121	121	80		alive
1970-01-01 01:02:02	122	122	79		alive
1970-01-01 01:02:03	123	123	79		alive
1970-01-01 01:02:04	124	124	78		alive
1970-01-01 01:02:05	125	125	78		alive
1970-01-01 01:02:06	126	126	78		alive
1970-01-01 01:02:07	127	127	78		alive
1970-01-01 01:02:08	128	128	77		alive
1970-01-01 01:02:09	129	129	76		alive
1970-01-01 01:02:10	130	130	76		alive
1970-01-01 01:02:11	131	131	76		alive
1970-01-01 01:02:12	132	132	74		alive
1970-01-01 01:02:13	133	133	74		alive
1970-01-01 01:02:14	134	134	74		alive
1970-01-01 01:02:15	135	135	74		alive
1970-01-01 01:02:16	136	136	74		alive
1970-01-01 01:02:17	137	137	74		alive
1970-01-01 01:02:18	138	138	74		alive
1970-01-01 01:02:19	139	139	74		alive
1970-01-01 01:02:20	140	140	74		alive
1970-01-01 01:02:21	141	141	73		alive
1970-01-01 01:02:22	142	142	73		alive
1970-01-01 01:02:23	143	143	72		alive
1970-01-01 01:02:24	144	144	72		alive
1970-01-01 01:02:25	145	145	71		alive
1970-01-01 01:02:26	146	146	70		alive
1970-01-01 01:02:27	147	147	70		alive
1970-01-01 01:02:28	148	148	70		alive
1970-01-01 01:02:29	149	149	70		alive
1970-01-01 01:02:30	150	150	70		alive
1970-01-01 01:02:31	151	151	70		alive
1970-01-01 01:02:32	152	152	70		alive
1970-01-01 01:02:33	153	153	70		alive
1970-01-01 01:02:34	154	154	69		alive
1970-01-01 01:02:35	155	155	69		alive
1970-01-01 01:02:36	156	156	69		alive
1970-01-01 01:02:37	157	157	68		alive
1970-01-01 01:02:38	158	158	68		alive
1970-01-01 01:02:39	159	159	68		alive
1970-01-01 01:02:40	160	160	68		alive
1970-01-01 01:02:41	161	161	66		alive
1970-01-01 01:02:42	162	162	66		alive
1970-01-01 01:02:43	163	163	66		alive
1970-01-01 01:02:44	164	164	66		alive
1970-01-01 01:02:45	165	165	66		alive
1970-01-01 01:02:46	166	166	65		alive
1970-01-01 01:02:47	167	167	65		alive
1970-01-01 01:02:48	168	168	65		alive
1970-01-01 01:02:49	169	169	65		alive
1970-01-01 01:02:50	170	170	64		alive
1970-01-01 01:02:51	171	171	64		alive
1970-01-01 01:02:52	172	172	64		alive
1970-01-01 01:02:53	173	173	64		alive
1970-01-01 01:02:54	174	174	64		alive
1970-01-01 01:02:55	175	175	63		alive
1970-01-01 01:02:56	176	176	63		alive
1970-01-01 01:02:57	177	177	63		alive
1970-01-01 01:02:58	178	178	63		alive
1970-01-01 01:02:59	179	179	63		alive
1970-01-01 01:03:00	180	180	63		alive
1970-01-01 01:03:01	181	181	63		alive
1970-01-01 01:03:02	182	182	63		alive
1970-01-01 01:03:03	183	183	63		alive
1970-01-01 01:03:04	184	184	63		alive
1970-01-01 01:03:05	185	185	63		alive
1970-01-01 01:03:06	186	186	63		alive
1970-01-01 01:03:07	187	187	63		alive
1970-01-01 01:03:08	188	188	63		alive
1970-01-01 01:03:09	189	189	63		alive
1970-01-01 01:03:10	190	190	62		alive
1970-01-01 01:03:11	191	191	62		alive
1970-01-01 01:03:12	192	192	62		alive
1970-01-01 01:03:13	193	193	62		alive
1970-01-01 01:03:14	194	194	62		alive
1970-01-01 01:03:15	195	195	61		alive
1970-01-01 01:03:16	196	196	61		alive
1970-01-01 01:03:17	197	197	61		alive
1970-01-01 01:03:18	198	198	60		alive
1970-01-01 01:03:19	199	199	60		alive
1970-01-01 01:03:20	200	200	59		alive
1970-01-01 01:03:21	201	201	59		alive
1970-01-01 01:03:22	202	202	59		alive
1970-01-01 01:03:23	203	203	59		alive
1970-01-01 01:03:24	204	204	59		alive
1970-01-01 01:03:25	205	205	59		alive
1970-01-01 01:03:26	206	206	58		alive
1970-01-01 01:03:27	207	207	57		alive
1970-01-01 01:03:28	208	208	57		alive
1970-01-01 01:03:29	209	209	57		alive
1970-01-01 01:03:30	210	210	57		alive
1970-01-01 01:03:31	211	211	57		alive
1970-01-01 01:03:32	212	212	56		alive
1970-01-01 01:03:33	213	213	56		alive
1970-01-01 01:03:34	214	214	56		alive
1970-01-01 01:03:35	215	215	56		alive
1970-01-01 01:03:36	216	216	56		alive
1970-01-01 01:03:37	217	217	56		alive
1970-01-01 01:03:38	218	218	55		alive
1970-01-01 01:03:39	219	219	54		alive
1970-01-01 01:03:40	220	220	53		alive
1970-01-01 01:03:41	221	221	53		alive
1970-01-01 01:03:42	222	222	52		alive
1970-01-01 01:03:43	223	223	52		alive
1970-01-01 01:03:44	224	224	51		alive
1970-01-01 01:03:45	225	225	51		alive
1970-01-01 01:03:46	226	226	51		alive
1970-01-01 01:03:47	227	227	51		alive
1970-01-01 01:03:48	228	228	50		alive
1970-01-01 01:03:49	229	229	50		alive
1970-01-01 01:03:50	230	230	50		alive
1970-01-01 01:03:51	231	231	49		alive
1970-01-01 01:03:52	232	232	49		alive
1970-01-01 01:03:53	233	233	49		alive
1970-01-01 01:03:54	234	234	49		alive
1970-01-01 01:03:55	235	235	49		alive
1970-01-01 01:03:56	236	236	49		alive
1970-01-01 01:03:57	237	237	49		alive
1970-01-01 01:03:58	238	238	49		alive
1970-01-01 01:03:59	239	239	49		alive
1970-01-01 01:04:00	240	240	49		alive
1970-01-01 01:04:01	241	241	49		alive
1970-01-01 01:04:02	242	242	49		alive
1970-01-01 01:04:03	243	243	49		alive
1970-01-01 01:04:04	244	244	49		alive
1970-01-01 01:04:05	245	245	49		alive
1970-01-01 01:04:06	246	246	49		alive
1970-01-01 01:04:07	247	247	49		alive
1970-01-01 01:04:08	248	248	49		alive
1970-01-01 01:04:09	249	249	49		alive
1970-01-01 01:04:10	250	250	49		alive
1970-01-01 01:04:11	251	251	49		alive
1970-01-01 01:04:12	252	252	49		alive
1970-01-01 01:04:13	253	253	48		alive
1970-01-01 01:04:14	254	254	47		alive
1970-01-01 01:04:15	255	255	46		alive
1970-01-01 01:04:16	256	256	45		alive
1970-01-01 01:04:17	257	257	45		alive
1970-01-01 01:04:18	258	258	45		alive
1970-01-01 01:04:19	259	259	45		alive
1970-01-01 01:04:20	260	260	45		alive
1970-01-01 01:04:21	261	261	44		alive
1970-01-01 01:04:22	262	262	44		alive
1970-01-01 01:04:23	263	263	43		alive
1970-01-01 01:04:24	264	264	43		alive
1970-01-01 01:04:25	265	265	43		alive
1970-01-01 01:04:26	266	266	42		alive
1970-01-01 01:04:27	267	267	41		alive
1970-01-01 01:04:28	268	268	40		alive
1970-01-01 01:04:29	269	269	39		alive
1970-01-01 01:04:30	270	270	39		alive
1970-01-01 01:04:31	271	271	39		alive
1970-01-01 01:04:32	272	272	39		alive
1970-01-01 01:04:33	273	273	39		alive
1970-01-01 01:04:34	274	274	39		alive
1970-01-01 01:04:35	275	275	39		alive
1970-01-01 01:04:36	276	276	39		alive
1970-01-01 01:04:37	277	277	39		alive
1970-01-01 01:04:38	278	278	39		alive
1970-01-01 01:04:39	279	279	39		alive
1970-01-01 01:04:40	280	280	38		alive
1970-01-01 01:04:41	281	281	37		alive
1970-01-01 01:04:42	282	282	37		alive
1970-01-01 01:04:43	283	283	36		alive
1970-01-01 01:04:44	284	284	36		alive
1970-01-01 01:04:45	285	285	36		alive
1970-01-01 01:04:46	286	286	36		alive
1970-01-01 01:04:47	287	287	36		alive
1970-01-01 01:04:48	288	288	35		alive
1970-01-01 01:04:49	289	289	35		alive
1970-01-01 01:04:50	290	290	35		alive
1970-01-01 01:04:51	291	291	35		alive
1970-01-01 01:04:52	292	292	35		alive
1970-01-01 01:04:53	293	293	35		alive
1970-01-01 01:04:54	294	294	35		alive
1970-01-01 01:04:55	295	295	35		alive
1970-01-01 01:04:56	296	296	35		alive
1970-01-01 01:04:57	297	297	35		alive
1970-01-01 01:04:58	298	298	35		alive
1970-01-01 01:04:59	299	299	35		alive
1970-01-01 01:05:00	300	300	35		alive
1970-01-01 01:05:01	301	301	35		alive
1970-01-01 01:05:02	302	302	35		alive
1970-01-01 01:05:03	303	303	35		alive
1970-01-01 01:05:04	304	304	35		alive
1970-01-01 01:05:05	305	305	34		alive
1970-01-01 01:05:06	306	306	33		alive
1970-01-01 01:05:07	307	307	33		alive
1970-01-01 01:05:08	308	308	33		alive
1970-01-01 01:05:09	309	309	33		alive
1970-01-01 01:05:10	310	310	33		alive
1970-01-01 01:05:11	311	311	33		alive
1970-01-01 01:05:12	312	312	33		alive
1970-01-01 01:05:13	313	313	33		alive
1970-01-01 01:05:14	314	314	33		alive
1970-01-01 01:05:15	315	315	33		alive
1970-01-01 01:05:16	316	316	33		alive
1970-01-01 01:05:17	317	317	33		alive
1970-01-01 01:05:18	318	318	33		alive
1970-01-01 01:05:19	319	319	33		alive
1970-01-01 01:05:20	320	320	33		alive
1970-01-01 01:05:21	321	321	33		alive
1970-01-01 01:05:22	322	322	33		alive
1970-01-01 01:05:23	323	323	33		alive
1970-01-01 01:05:24	324	324	32		alive
1970-01-01 01:05:25	325	325	31		alive
1970-01-01 01:05:26	326	326	31		alive
1970-01-01 01:05:27	327	327	31		alive
1970-01-01 01:05:28	328	328	31		alive
1970-01-01 01:05:29	329	329	31		alive
1970-01-01 01:05:30	330	330	31		alive
1970-01-01 01:05:31	331	331	31		alive
1970-01-01 01:05:32	332	332	31		alive
1970-01-01 01:05:33	333	333	31		alive
1970-01-01 01:05:34	334	334	31		alive
1970-01-01 01:05:35	335	335	31		alive
1970-01-01 01:05:36	336	336	31		alive
1970-01-01 01:05:37	337	337	31		alive
1970-01-01 01:05:38	338	338	31		alive
1970-01-01 01:05:39	339	339	31		alive
1970-01-01 01:05:40	340	340	31		alive
1970-01-01 01:05:41	341	341	31		alive
1970-01-01 01:05:42	342	342	31		alive
1970-01-01 01:05:43	343	343	31		alive
1970-01-01 01:05:44	344	344	31		alive
1970-01-01 01:05:45	345	345	31		alive
1970-01-01 01:05:46	346	346	31		alive
1970-01-01 01:05:47	347	347	31		alive
1970-01-01 01:05:48	348	348	31		alive
1970-01-01 01:05:49	349	349	31		alive
1970-01-01 01:05:50	350	350	31		alive
1970-01-01 01:05:51	351	351	31		alive
1970-01-01 01:05:52	352	352	31		alive
1970-01-01 01:05:53	353	353	31		alive
1970-01-01 01:05:54	354	354	31		alive
1970-01-01 01:05:55	355	355	31		alive
1970-01-01 01:05:56	356	356	31		alive
1970-01-01 01:05:57	357	357	31		alive
1970-01-01 01:05:58	358	358	31		alive
1970-01-01 01:05:59	359	359	31		alive
1970-01-01 01:06:00	360	360	31		alive
1970-01-01 01:06:01	361	361	31		alive
1970-01-01 01:06:02	362	362	31		alive
1970-01-01 01:06:03	363	363	30		alive
1970-01-01 01:06:04	364	364	30		alive
1970-01-01 01:06:05	365	365	30		alive
1970-01-01 01:06:06	366	366	30		alive
1970-01-01 01:06:07	367	367	30		alive
1970-01-01 01:06:08	368	368	30		alive
1970-01-01 01:06:09	369	369	30		alive
1970-01-01 01:06:10	370	370	30		alive
1970-01-01 01:06:11	371	371	30		alive
1970-01-01 01:06:12	372	372	30		alive
1970-01-01 01:06:13	373	373	30		alive
1970-01-01 01:06:14	374	374	29		alive
1970-01-01 01:06:15	375	375	29		alive
1970-01-01 01:06:16	376	376	29		alive
1970-01-01 01:06:17	377	377	29		alive
1970-01-01 01:06:18	378	378	29		alive
1970-01-01 01:06:19	379	379	29		alive
1970-01-01 01:06:20	380	380	29		alive
1970-01-01 01:06:21	381	381	29		alive
1970-01-01 01:06:22	382	382	29		alive
1970-01-01 01:06:23	383	383	29		alive
1970-01-01 01:06:24	384	384	29		alive
1970-01-01 01:06:25	385	385	29		alive
1970-01-01 01:06:26	386	386	29		alive
1970-01-01 01:06:27	387	387	29		alive
1970-01-01 01:06:28	388	388	29		alive
1970-01-01 01:06:29	389	389	29		alive
1970-01-01 01:06:30	390	390	29		alive
1970-01-01 01:06:31	391	391	29		alive
1970-01-01 01:06:32	392	392	29		alive
1970-01-01 01:06:33	393	393	29		alive
1970-01-01 01:06:34	394	394	29		alive
1970-01-01 01:06:35	395	395	29		alive
1970-01-01 01:06:36	396	396	29		alive
1970-01-01 01:06:37	397	397	29		alive
1970-01-01 01:06:38	398	398	29		alive
1970-01-01 01:06:39	399	399	29		alive
1970-01-01 01:06:40	400	400	29		alive
1970-01-01 01:06:41	401	401	29		alive
1970-01-01 01:06:42	402	402	29		alive
1970-01-01 01:06:43	403	403	29		alive
1970-01-01 01:06:44	404	404	29		alive
1970-01-01 01:06:45	405	405	29		alive
1970-01-01 01:06:46	406	406	29		alive
1970-01-01 01:06:47	407	407	29		alive
1970-01-01 01:06:48	408	408	29		alive
1970-01-01 01:06:49	409	409	29		alive
1970-01-01 01:06:50	410	410	29		alive
1970-01-01 01:06:51	411	411	29		alive
1970-01-01 01:06:52	412	412	29		alive
1970-01-01 01:06:53	413	413	29		alive
1970-01-01 01:06:54	414	414	29		alive
1970-01-01 01:06:55	415	415	29		alive
1970-01-01 01:06:56	416	416	29		alive
1970-01-01 01:06:57	417	417	29		alive
1970-01-01 01:06:58	418	418	29		alive
1970-01-01 01:06:59	419	419	29		alive
1970-01-01 01:07:00	420	420	29		alive
1970-01-01 01:07:01	421	421	29		alive
1970-01-01 01:07:02	422	422	29		alive
1970-01-01 01:07:03	423	423	29		alive
1970-01-01 01:07:04	424	424	29		alive
1970-01-01 01:07:05	425	425	29		alive
1970-01-01 01:07:06	426	426	29		alive
1970-01-01 01:07:07	427	427	29		alive
1970-01-01 01:07:08	428	428	29		alive
1970-01-01 01:07:09	429	429	29		alive
1970-01-01 01:07:10	430	430	29		alive
1970-01-01 01:07:11	431	431	29		alive
1970-01-01 01:07:12	432	432	29		alive
1970-01-01 01:07:13	433	433	29		alive
1970-01-01 01:07:14	434	434	29		alive
1970-01-01 01:07:15	435	435	29		alive
1970-01-01 01:07:16	436	436	29		alive
1970-01-01 01:07:17	437	437	29		alive
1970-01-01 01:07:18	438	438	29		alive
1970-01-01 01:07:19	439	439	29		alive
1970-01-01 01:07:20	440	440	29		alive
1970-01-01 01:07:21	441	441	29		alive
1970-01-01 01:07:22	442	442	28		alive
1970-01-01 01:07:23	443	443	28		alive
1970-01-01 01:07:24	444	444	28		alive
1970-01-01 01:07:25	445	445	28		alive
1970-01-01 01:07:26	446	446	28		alive
1970-01-01 01:07:27	447	447	28		alive
1970-01-01 01:07:28	448	448	28		alive
1970-01-01 01:07:29	449	449	28		alive
1970-01-01 01:07:30	450	450	28		alive
1970-01-01 01:07:31	451	451	28		alive
1970-01-01 01:07:32	452	452	28		alive
1970-01-01 01:07:33	453	453	28		alive
1970-01-01 01:07:34	454	454	28		alive
1970-01-01 01:07:35	455	455	28		alive
1970-01-01 01:07:36	456	456	28		alive
1970-01-01 01:07:37	457	457	28		alive
1970-01-01 01:07:38	458	458	28		alive
1970-01-01 01:07:39	459	459	27		alive
1970-01-01 01:07:40	460	460	27		alive
1970-01-01 01:07:41	461	461	27		alive
1970-01-01 01:07:42	462	462	27		alive
1970-01-01 01:07:43	463	463	27		alive
1970-01-01 01:07:44	464	464	27		alive
1970-01-01 01:07:45	465	465	27		alive
1970-01-01 01:07:46	466	466	27		alive
1970-01-01 01:07:47	467	467	27		alive
1970-01-01 01:07:48	468	468	27		alive
1970-01-01 01:07:49	469	469	27		alive
1970-01-01 01:07:50	470	470	27		alive
1970-01-01 01:07:51	471	471	27		alive
1970-01-01 01:07:52	472	472	27		alive
1970-01-01 01:07:53	473	473	27		alive
1970-01-01 01:07:54	474	474	27		alive
1970-01-01 01:07:55	475	475	27		alive
1970-01-01 01:07:56	476	476	27		alive
1970-01-01 01:07:57	477	477	27		alive
1970-01-01 01:07:58	478	478	27		alive
1970-01-01 01:07:59	479	479	27		alive
1970-01-01 01:08:00	480	480	27		alive
1970-01-01 01:08:01	481	481	27		alive
1970-01-01 01:08:02	482	482	27		alive
1970-01-01 01:08:03	483	483	26		alive
1970-01-01 01:08:04	484	484	25		alive
1970-01-01 01:08:05	485	485	25		alive
1970-01-01 01:08:06	486	486	25		alive
1970-01-01 01:08:07	487	487	25		alive
1970-01-01 01:08:08	488	488	25		alive
1970-01-01 01:08:09	489	489	25		alive
1970-01-01 01:08:10	490	490	24		alive
1970-01-01 01:08:11	491	491	24		alive
1970-01-01 01:08:12	492	492	23		alive
1970-01-01 01:08:13	493	493	23		alive
1970-01-01 01:08:14	494	494	23		alive
1970-01-01 01:08:15	495	495	23		alive
1970-01-01 01:08:16	496	496	23		alive
1970-01-01 01:08:17	497	497	23		alive
1970-01-01 01:08:18	498	498	22		alive
1970-01-01 01:08:19	499	499	22		alive
1970-01-01 01:08:20	500	500	22		alive
1970-01-01 01:08:21	501	501	21		alive
1970-01-01 01:08:22	502	502	21		alive
1970-01-01 01:08:23	503	503	21		alive
1970-01-01 01:08:24	504	504	21		alive
1970-01-01 01:08:25	505	505	21		alive
1970-01-01 01:08:26	506	506	21		alive
1970-01-01 01:08:27	507	507	20		alive
1970-01-01 01:08:28	508	508	20		alive
1970-01-01 01:08:29	509	509	20		alive
1970-01-01 01:08:30	510	510	20		alive
1970-01-01 01:08:31	511	511	20		alive
1970-01-01 01:08:32	512	512	20		alive
1970-01-01 01:08:33	513	513	20		alive
1970-01-01 01:08:34	514	514	20		alive
1970-01-01 01:08:35	515	515	20		alive
1970-01-01 01:08:36	516	516	20		alive
1970-01-01 01:08:37	517	517	19		alive
1970-01-01 01:08:38	518	518	18		alive
1970-01-01 01:08:39	519	519	18		alive
1970-01-01 01:08:40	520	520	18		alive
1970-01-01 01:08:41	521	521	18		alive
1970-01-01 01:08:42	522	522	18		alive
1970-01-01 01:08:43	523	523	18		alive
1970-01-01 01:08:44	524	524	18		alive
1970-01-01 01:08:45	525	525	18		alive
1970-01-01 01:08:46	526	526	18		alive
1970-01-01 01:08:47	527	527	18		alive
1970-01-01 01:08:48	528	528	18		alive
1970-01-01 01:08:49	529	529	18		alive
1970-01-01 01:08:50	530	530	18		alive
1970-01-01 01:08:51	531	531	18		alive
1970-01-01 01:08:52	532	532	18		alive
1970-01-01 01:08:53	533	533	18		alive
1970-01-01 01:08:54	534	534	18		alive
1970-01-01 01:08:55	535	535	18		alive
1970-01-01 01:08:56	536	536	18		alive
1970-01-01 01:08:57	537	537	18		alive
1970-01-01 01:08:58	538	538	18		alive
1970-01-01 01:08:59	539	539	18		alive
1970-01-01 01:09:00	540	540	17		alive
1970-01-01 01:09:01	541	541	17		alive
1970-01-01 01:09:02	542	542	17		alive
1970-01-01 01:09:03	543	543	17		alive
1970-01-01 01:09:04	544	544	17		alive
1970-01-01 01:09:05	545	545	17		alive
1970-01-01 01:09:06	546	546	17		alive
1970-01-01 01:09:07	547	547	17		alive
1970-01-01 01:09:08	548	548	17		alive
1970-01-01 01:09:09	549	549	17		alive
1970-01-01 01:09:10	550	550	17		alive
1970-01-01 01:09:11	551	551	17		alive
1970-01-01 01:09:12	552	552	17		alive
1970-01-01 01:09:13	553	553	17		alive
1970-01-01 01:09:14	554	554	17		alive
1970-01-01 01:09:15	555	555	16		alive
1970-01-01 01:09:16	556	556	16		alive
1970-01-01 01:09:17	557	557	16		alive
1970-01-01 01:09:18	558	558	16		alive
1970-01-01 01:09:19	559	559	16		alive
1970-01-01 01:09:20	560	560	15		alive
1970-01-01 01:09:21	561	561	15		alive
1970-01-01 01:09:22	562	562	15		alive
1970-01-01 01:09:23	563	563	15		alive
1970-01-01 01:09:24	564	564	15		alive
1970-01-01 01:09:25	565	565	15		alive
1970-01-01 01:09:26	566	566	15		alive
1970-01-01 01:09:27	567	567	15		alive
1970-01-01 01:09:28	568	568	15		alive
1970-01-01 01:09:29	569	569	15		alive
1970-01-01 01:09:30	570	570	15		alive
1970-01-01 01:09:31	571	571	15		alive
1970-01-01 01:09:32	572	572	15		alive
1970-01-01 01:09:33	573	573	14		alive
1970-01-01 01:09:34	574	574	14		alive
1970-01-01 01:09:35	575	575	13		alive
1970-01-01 01:09:36	576	576	13		alive
1970-01-01 01:09:37	577	577	13		alive
1970-01-01 01:09:38	578	578	13		alive
1970-01-01 01:09:39	579	579	13		alive
1970-01-01 01:09:40	580	580	13		alive
1970-01-01 01:09:41	581	581	13		alive
1970-01-01 01:09:42	582	582	13		alive
1970-01-01 01:09:43	583	583	13		alive
1970-01-01 01:09:44	584	584	13		alive
1970-01-01 01:09:45	585	585	13		alive
1970-01-01 01:09:46	586	586	13		alive
1970-01-01 01:09:47	587	587	13		alive
1970-01-01 01:09:48	588	588	13		alive
1970-01-01 01:09:49	589	589	13		alive
1970-01-01 01:09:50	590	590	13		alive
1970-01-01 01:09:51	591	591	12		alive
1970-01-01 01:09:52	592	592	12		dead
1970-01-01 01:09:53	593	593	12		dead
1970-01-01 01:09:54	594	594	12		dead
1970-01-01 01:09:55	595	595	12		dead
1970-01-01 01:09:56	596	596	12		dead
1970-01-01 01:09:57	597	597	12		dead
1970-01-01 01:09:58	598	598	12		dead
1970-01-01 01:09:59	599	599	12		dead
1970-01-01 01:10:00	600	600	12		dead
1970-01-01 01:10:01	601	601	12		dead
1970-01-01 01:10:02	602	602	12		dead
1970-01-01 01:10:03	603	603	12		dead
1970-01-01 01:10:04	604	604	12		dead
1970-01-01 01:10:05	605	605	12		dead
1970-01-01 01:10:06	606	606	12		dead
1970-01-01 01:10:07	607	607	12		dead
1970-01-01 01:10:08	608	608	12		dead
1970-01-01 01:10:09	609	609	12		dead
1970-01-01 01:10:10	610	610	12		dead
1970-01-01 01:10:11	611	611	12		dead
1970-01-01 01:10:12	612	612	12		dead
1970-01-01 01:10:13	613	613	12		dead
1970-01-01 01:10:14	614	614	12		dead
1970-01-01 01:10:15	615	615	12		dead
1970-01-01 01:10:16	616	616	12		dead
1970-01-01 01:10:17	617	617	12		dead
1970-01-01 01:10:18	618	618	12		dead
1970-01-01 01:10:19	619	619	12		dead
1970-01-01 01:10:20	620	620	12		dead
1970-01-01 01:10:21	621	621	12		dead
1970-01-01 01:10:22	622	622	12		dead
1970-01-01 01:10:23	623	623	12		dead
1970-01-01 01:10:24	624	624	12		dead
1970-01-01 01:10:25	625	625	12		dead
1970-01-01 01:10:26	626	626	12		dead
1970-01-01 01:10:27	627	627	12		dead
1970-01-01 01:10:28	628	628	12		dead
1970-01-01 01:10:29	629	629	12		dead
1970-01-01 01:10:30	630	630	12		dead
1970-01-01 01:10:31	631	631	12		dead
1970-01-01 01:10:32	632	632	12		dead
1970-01-01 01:10:33	633	633	12		dead
1970-01-01 01:10:34	634	634	12		dead
1970-01-01 01:10:35	635	635	12		dead
1970-01-01 01:10:36	636	636	12		dead
1970-01-01 01:10:37	637	637	12		dead
1970-01-01 01:10:38	638	638	11		dead
1970-01-01 01:10:39	639	639	11		dead
1970-01-01 01:10:40	640	640	11		dead
1970-01-01 01:10:41	641	641	11		dead
1970-01-01 01:10:42	642	642	11		dead
1970-01-01 01:10:43	643	643	11		dead
1970-01-01 01:10:44	644	644	11		dead
1970-01-01 01:10:45	645	645	10		dead
1970-01-01 01:10:46	646	646	10		dead
1970-01-01 01:10:47	647	647	10		dead
1970-01-01 01:10:48	648	648	10		dead
1970-01-01 01:10:49	649	649	10		dead
1970-01-01 01:10:50	650	650	10		dead
1970-01-01 01:10:51	651	651	10		dead
1970-01-01 01:10:52	652	652	10		dead
1970-01-01 01:10:53	653	653	10		dead
1970-01-01 01:10:54	654	654	10		dead
1970-01-01 01:10:55	655	655	10		dead
1970-01-01 01:10:56	656	656	10		dead
1970-01-01 01:10:57	657	657	10		dead
1970-01-01 01:10:58	658	658	10		dead
1970-01-01 01:10:59	659	659	10		dead
1970-01-01 01:11:00	660	660	10		dead
1970-01-01 01:11:01	661	661	10		dead
1970-01-01 01:11:02	662	662	10		dead
1970-01-01 01:11:03	663	663	10		dead
1970-01-01 01:11:04	664	664	10		dead
1970-01-01 01:11:05	665	665	10		dead
1970-01-01 01:11:06	666	666	10		dead
1970-01-01 01:11:07	667	667	10		dead
1970-01-01 01:11:08	668	668	10		dead
1970-01-01 01:11:09	669	669	10		dead
1970-01-01 01:11:10	670	670	10		dead
1970-01-01 01:11:11	671	671	10		dead
1970-01-01 01:11:12	672	672	10		dead
1970-01-01 01:11:13	673	673	10		dead
1970-01-01 01:11:14	674	674	10		dead
1970-01-01 01:11:15	675	675	10		dead
1970-01-01 01:11:16	676	676	10		dead
1970-01-01 01:11:17	677	677	10		dead
1970-01-01 01:11:18	678	678	9		dead
1970-01-01 01:11:19	679	679	9		dead
1970-01-01 01:11:20	680	680	9		dead
1970-01-01 01:11:21	681	681	9		dead
1970-01-01 01:11:22	682	682	9		dead
1970-01-01 01:11:23	683	683	8		dead
1970-01-01 01:11:24	684	684	8		dead
1970-01-01 01:11:25	685	685	8		dead
1970-01-01 01:11:26	686	686	8		dead
1970-01-01 01:11:27	687	687	8		dead
1970-01-01 01:11:28	688	688	8		dead
1970-01-01 01:11:29	689	689	8		dead
1970-01-01 01:11:30	690	690	8		dead
1970-01-01 01:11:31	691	691	8		dead
1970-01-01 01:11:32	692	692	8		dead
1970-01-01 01:11:33	693	693	8		dead
1970-01-01 01:11:34	694	694	8		dead
1970-01-01 01:11:35	695	695	8		dead
1970-01-01 01:11:36	696	696	8		dead
1970-01-01 01:11:37	697	697	8		dead
1970-01-01 01:11:38	698	698	8		dead
1970-01-01 01:11:39	699	699	8		dead
1970-01-01 01:11:40	700	700	8		dead
1970-01-01 01:11:41	701	701	8		dead
1970-01-01 01:11:42	702	702	8		dead
1970-01-01 01:11:43	703	703	8		dead
1970-01-01 01:11:44	704	704	8		dead
1970-01-01 01:11:45	705	705	8		dead
1970-01-01 01:11:46	706	706	8		dead
1970-01-01 01:11:47	707	707	8		dead
1970-01-01 01:11:48	708	708	8		dead
1970-01-01 01:11:49	709	709	8		dead
1970-01-01 01:11:50	710	710	8		dead
1970-01-01 01:11:51	711	711	8		dead
1970-01-01 01:11:52	712	712	8		dead
1970-01-01 01:11:53	713	713	8		dead
1970-01-01 01:11:54	714	714	8		dead
1970-01-01 01:11:55	715	715	8		dead
1970-01-01 01:11:56	716	716	8		dead
1970-01-01 01:11:57	717	717	8		dead
1970-01-01 01:11:58	718	718	8		dead
1970-01-01 01:11:59	719	719	8		dead
1970-01-01 01:12:00	720	720	7		dead
1970-01-01 01:12:01	721	721	7		dead
1970-01-01 01:12:02	722	722	7		dead
1970-01-01 01:12:03	723	723	7		dead
1970-01-01 01:12:04	724	724	7		dead
1970-01-01 01:12:05	725	725	7		dead
1970-01-01 01:12:06	726	726	7		dead
1970-01-01 01:12:07	727	727	7		dead
1970-01-01 01:12:08	728	728	7		dead
1970-01-01 01:12:09	729	729	7		dead
1970-01-01 01:12:10	730	730	7		dead
1970-01-01 01:12:11	731	731	6		dead
1970-01-01 01:12:12	732	732	6		dead
1970-01-01 01:12:13	733	733	6		dead
1970-01-01 01:12:14	734	734	6		dead
1970-01-01 01:12:15	735	735	6		dead
1970-01-01 01:12:16	736	736	6		dead
1970-01-01 01:12:17	737	737	5		dead
1970-01-01 01:12:18	738	738	5		dead
1970-01-01 01:12:19	739	739	5		dead
1970-01-01 01:12:20	740	740	5		dead
1970-01-01 01:12:21	741	741	5		dead
1970-01-01 01:12:22	742	742	5		dead
1970-01-01 01:12:23	743	743	5		dead
1970-01-01 01:12:24	744	744	5		dead
1970-01-01 01:12:25	745	745	5		dead
1970-01-01 01:12:26	746	746	5		dead
1970-01-01 01:12:27	747	747	5		dead
1970-01-01 01:12:28	748	748	5		dead
1970-01-01 01:12:29	749	749	5		dead
1970-01-01 01:12:30	750	750	5		dead
1970-01-01 01:12:31	751	751	5		dead
1970-01-01 01:12:32	752	752	5		dead
1970-01-01 01:12:33	753	753	5		dead
1970-01-01 01:12:34	754	754	5		dead
1970-01-01 01:12:35	755	755	5		dead
1970-01-01 01:12:36	756	756	5		dead
1970-01-01 01:12:37	757	757	5		dead
1970-01-01 01:12:38	758	758	5		dead
1970-01-01 01:12:39	759	759	5		dead
1970-01-01 01:12:40	760	760	5		dead
1970-01-01 01:12:41	761	761	5		dead
1970-01-01 01:12:42	762	762	5		dead
1970-01-01 01:12:43	763	763	5		dead
1970-01-01 01:12:44	764	764	5		dead
1970-01-01 01:12:45	765	765	5		dead
1970-01-01 01:12:46	766	766	5		dead
1970-01-01 01:12:47	767	767	5		dead
1970-01-01 01:12:48	768	768	5		dead
1970-01-01 01:12:49	769	769	5		dead
1970-01-01 01:12:50	770	770	5		dead
1970-01-01 01:12:51	771	771	5		dead
1970-01-01 01:12:52	772	772	5		dead
1970-01-01 01:12:53	773	773	5		dead
1970-01-01 01:12:54	774	774	5		dead
1970-01-01 01:12:55	775	775	5		dead
1970-01-01 01:12:56	776	776	5		dead
1970-01-01 01:12:57	777	777	5		dead
1970-01-01 01:12:58	778	778	5		dead
1970-01-01 01:12:59	779	779	5		dead
1970-01-01 01:13:00	780	780	5		dead
1970-01-01 01:13:01	781	781	5		dead
1970-01-01 01:13:02	782	782	5		dead
1970-01-01 01:13:03	783	783	5		dead
1970-01-01 01:13:04	784	784	5		dead
1970-01-01 01:13:05	785	785	5		dead
1970-01-01 01:13:06	786	786	5		dead
1970-01-01 01:13:07	787	787	5		dead
1970-01-01 01:13:08	788	788	5		dead
1970-01-01 01:13:09	789	789	5		dead
1970-01-01 01:13:10	790	790	5		dead
1970-01-01 01:13:11	791	791	5		dead
1970-01-01 01:13:12	792	792	5		dead
1970-01-01 01:13:13	793	793	5		dead
1970-01-01 01:13:14	794	794	5		dead
1970-01-01 01:13:15	795	795	5		dead
1970-01-01 01:13:16	796	796	5		dead
1970-01-01 01:13:17	797	797	5		dead
1970-01-01 01:13:18	798	798	5		dead
1970-01-01 01:13:19	799	799	5		dead
1970-01-01 01:13:20	800	800	5		dead
1970-01-01 01:13:21	801	801	5		dead
1970-01-01 01:13:22	802	802	5		dead
1970-01-01 01:13:23	803	803	5		dead
1970-01-01 01:13:24	804	804	5		dead
1970-01-01 01:13:25	805	805	5		dead
1970-01-01 01:13:26	806	806	5		dead
1970-01-01 01:13:27	807	807	5		dead
1970-01-01 01:13:28	808	808	5		dead
1970-01-01 01:13:29	809	809	5		dead
1970-01-01 01:13:30	810	810	5		dead
1970-01-01 01:13:31	811	811	5		dead
1970-01-01 01:13:32	812	812	5		dead
1970-01-01 01:13:33	813	813	5		dead
1970-01-01 01:13:34	814	814	5		dead
1970-01-01 01:13:35	815	815	5		dead
1970-01-01 01:13:36	816	816	5		dead
1970-01-01 01:13:37	817	817	5		dead
1970-01-01 01:13:38	818	818	5		dead
1970-01-01 01:13:39	819	819	5		dead
1970-01-01 01:13:40	820	820	5		dead
1970-01-01 01:13:41	821	821	5		dead
1970-01-01 01:13:42	822	822	5		dead
1970-01-01 01:13:43	823	823	5		dead
1970-01-01 01:13:44	824	824	5		dead
1970-01-01 01:13:45	825	825	5		dead
1970-01-01 01:13:46	826	826	5		dead
1970-01-01 01:13:47	827	827	5		dead
1970-01-01 01:13:48	828	828	5		dead
1970-01-01 01:13:49	829	829	5		dead
1970-01-01 01:13:50	830	830	5		dead
1970-01-01 01:13:51	831	831	5		dead
1970-01-01 01:13:52	832	832	5		dead
1970-01-01 01:13:53	833	833	5		dead
1970-01-01 01:13:54	834	834	5		dead
1970-01-01 01:13:55	835	835	5		dead
1970-01-01 01:13:56	836	836	5		dead
1970-01-01 01:13:57	837	837	5		dead
1970-01-01 01:13:58	838	838	5		dead
1970-01-01 01:13:59	839	839	5		dead
1970-01-01 01:14:00	840	840	5		dead
1970-01-01 01:14:01	841	841	5		dead
1970-01-01 01:14:02	842	842	5		dead
1970-01-01 01:14:03	843	843	4		dead
1970-01-01 01:14:04	844	844	4		dead
1970-01-01 01:14:05	845	845	3		dead
1970-01-01 01:14:06	846	846	3		dead
1970-01-01 01:14:07	847	847	3		dead
1970-01-01 01:14:08	848	848	3		dead
1970-01-01 01:14:09	849	849	3		dead
1970-01-01 01:14:10	850	850	3		dead
1970-01-01 01:14:11	851	851	3		dead
1970-01-01 01:14:12	852	852	3		dead
1970-01-01 01:14:13	853	853	3		dead
1970-01-01 01:14:14	854	854	3		dead
1970-01-01 01:14:15	855	855	3		dead
1970-01-01 01:14:16	856	856	3		dead
1970-01-01 01:14:17	857	857	3		dead
1970-01-01 01:14:18	858	858	3		dead
1970-01-01 01:14:19	859	859	3		dead
1970-01-01 01:14:20	860	860	3		dead
1970-01-01 01:14:21	861	861	3		dead
1970-01-01 01:14:22	862	862	3		dead
1970-01-01 01:14:23	863	863	3		dead
1970-01-01 01:14:24	864	864	3		dead
1970-01-01 01:14:25	865	865	3		dead
1970-01-01 01:14:26	866	866	3		dead
1970-01-01 01:14:27	867	867	3		dead
1970-01-01 01:14:28	868	868	3		dead
1970-01-01 01:14:29	869	869	3		dead
1970-01-01 01:14:30	870	870	3		dead
1970-01-01 01:14:31	871	871	3		dead
1970-01-01 01:14:32	872	872	3		dead
1970-01-01 01:14:33	873	873	3		dead
1970-01-01 01:14:34	874	874	3		dead
1970-01-01 01:14:35	875	875	3		dead
1970-01-01 01:14:36	876	876	3		dead
1970-01-01 01:14:37	877	877	3		dead
1970-01-01 01:14:38	878	878	3		dead
1970-01-01 01:14:39	879	879	3		dead
1970-01-01 01:14:40	880	880	3		dead
1970-01-01 01:14:41	881	881	3		dead
1970-01-01 01:14:42	882	882	3		dead
1970-01-01 01:14:43	883	883	3		dead
1970-01-01 01:14:44	884	884	3		dead
1970-01-01 01:14:45	885	885	3		dead
1970-01-01 01:14:46	886	886	3		dead
1970-01-01 01:14:47	887	887	3		dead
1970-01-01 01:14:48	888	888	3		dead
1970-01-01 01:14:49	889	889	3		dead
1970-01-01 01:14:50	890	890	3		dead
1970-01-01 01:14:51	891	891	3		dead
1970-01-01 01:14:52	892	892	3		dead
1970-01-01 01:14:53	893	893	3		dead
1970-01-01 01:14:54	894	894	3		dead
1970-01-01 01:14:55	895	895	3		dead
1970-01-01 01:14:56	896	896	3		dead
1970-01-01 01:14:57	897	897	3		dead
1970-01-01 01:14:58	898	898	3		dead
1970-01-01 01:14:59	899	899	3		dead
1970-01-01 01:15:00	900	900	3		dead
1970-01-01 01:15:01	901	901	3		dead
1970-01-01 01:15:02	902	902	3		dead
1970-01-01 01:15:03	903	903	3		dead
1970-01-01 01:15:04	904	904	3		dead
1970-01-01 01:15:05	905	905	3		dead
1970-01-01 01:15:06	906	906	3		dead
1970-01-01 01:15:07	907	907	3		dead
1970-01-01 01:15:08	908	908	3		dead
1970-01-01 01:15:09	909	909	3		dead
1970-01-01 01:15:10	910	910	3		dead
1970-01-01 01:15:11	911	911	3		dead
1970-01-01 01:15:12	912	912	3		dead
1970-01-01 01:15:13	913	913	3		dead
1970-01-01 01:15:14	914	914	3		dead
1970-01-01 01:15:15	915	915	3		dead
1970-01-01 01:15:16	916	916	3		dead
1970-01-01 01:15:17	917	917	3		dead
1970-01-01 01:15:18	918	918	3		dead
1970-01-01 01:15:19	919	919	3		dead
1970-01-01 01:15:20	920	920	3		dead
1970-01-01 01:15:21	921	921	3		dead
1970-01-01 01:15:22	922	922	3		dead
1970-01-01 01:15:23	923	923	3		dead
1970-01-01 01:15:24	924	924	3		dead
1970-01-01 01:15:25	925	925	3		dead
1970-01-01 01:15:26	926	926	3		dead
1970-01-01 01:15:27	927	927	3		dead
1970-01-01 01:15:28	928	928	3		dead
1970-01-01 01:15:29	929	929	3		dead
1970-01-01 01:15:30	930	930	3		dead
1970-01-01 01:15:31	931	931	3		dead
1970-01-01 01:15:32	932	932	3		dead
1970-01-01 01:15:33	933	933	3		dead
1970-01-01 01:15:34	934	934	3		dead
1970-01-01 01:15:35	935	935	3		dead
1970-01-01 01:15:36	936	936	3		dead
1970-01-01 01:15:37	937	937	3		dead
1970-01-01 01:15:38	938	938	3		dead
1970-01-01 01:15:39	939	939	3		dead
1970-01-01 01:15:40	940	940	3		dead
1970-01-01 01:15:41	941	941	3		dead
1970-01-01 01:15:42	942	942	3		dead
1970-01-01 01:15:43	943	943	3		dead
1970-01-01 01:15:44	944	944	3		dead
1970-01-01 01:15:45	945	945	3		dead
1970-01-01 01:15:46	946	946	3		dead
1970-01-01 01:15:47	947	947	3		dead
1970-01-01 01:15:48	948	948	3		dead
1970-01-01 01:15:49	949	949	3		dead
1970-01-01 01:15:50	950	950	3		dead
1970-01-01 01:15:51	951	951	3		dead
1970-01-01 01:15:52	952	952	3		dead
1970-01-01 01:15:53	953	953	3		dead
1970-01-01 01:15:54	954	954	3		dead
1970-01-01 01:15:55	955	955	3		dead
1970-01-01 01:15:56	956	956	3		dead
1970-01-01 01:15:57	957	957	3		dead
1970-01-01 01:15:58	958	958	3		dead
1970-01-01 01:15:59	959	959	3		dead
1970-01-01 01:16:00	960	960	3		dead
1970-01-01 01:16:01	961	961	3		dead
1970-01-01 01:16:02	962	962	3		dead
1970-01-01 01:16:03	963	963	3		dead
1970-01-01 01:16:04	964	964	3		dead
1970-01-01 01:16:05	965	965	3		dead
1970-01-01 01:16:06	966	966	3		dead
1970-01-01 01:16:07	967	967	3		dead
1970-01-01 01:16:08	968	968	3		dead
1970-01-01 01:16:09	969	969	3		dead
1970-01-01 01:16:10	970	970	3		dead
1970-01-01 01:16:11	971	971	3		dead
1970-01-01 01:16:12	972	972	3		dead
1970-01-01 01:16:13	973	973	3		dead
1970-01-01 01:16:14	974	974	3		dead
1970-01-01 01:16:15	975	975	3		dead
1970-01-01 01:16:16	976	976	3		dead
1970-01-01 01:16:17	977	977	3		dead
1970-01-01 01:16:18	978	978	3		dead
1970-01-01 01:16:19	979	979	3		dead
1970-01-01 01:16:20	980	980	3		dead
1970-01-01 01:16:21	981	981	3		dead
1970-01-01 01:16:22	982	982	3		dead
1970-01-01 01:16:23	983	983	3		dead
1970-01-01 01:16:24	984	984	3		dead
1970-01-01 01:16:25	985	985	3		dead
1970-01-01 01:16:26	986	986	3		dead
1970-01-01 01:16:27	987	987	3		dead
1970-01-01 01:16:28	988	988	3		dead
1970-01-01 01:16:29	989	989	3		dead
1970-01-01 01:16:30	990	990	3		dead
1970-01-01 01:16:31	991	991	3		dead
1970-01-01 01:16:32	992	992	3		dead
1970-01-01 01:16:33	993	993	3		dead
1970-01-01 01:16:34	994	994	3		dead
1970-01-01 01:16:35	995	995	3		dead
1970-01-01 01:16:36	996	996	3		dead
1970-01-01 01:16:37	997	997	3		dead
1970-01-01 01:16:38	998	998	3		dead
1970-01-01 01:16:39	999	999	3		dead
1970-01-01 01:16:40	1000	1000	3		dead
1970-01-01 01:16:41	1001	1001	3		dead
1970-01-01 01:16:42	1002	1002	3		dead
1970-01-01 01:16:43	1003	1003	3		dead
1970-01-01 01:16:44	1004	1004	3		dead
1970-01-01 01:16:45	1005	1005	3		dead
1970-01-01 01:16:46	1006	1006	3		dead
1970-01-01 01:16:47	1007	1007	3		dead
1970-01-01 01:16:48	1008	1008	3		dead
1970-01-01 01:16:49	1009	1009	3		dead
1970-01-01 01:16:50	1010	1010	3		dead
1970-01-01 01:16:51	1011	1011	3		dead
1970-01-01 01:16:52	1012	1012	3		dead
1970-01-01 01:16:53	1013	1013	3		dead
1970-01-01 01:16:54	1014	1014	3		dead
1970-01-01 01:16:55	1015	1015	3		dead
1970-01-01 01:16:56	1016	1016	3		dead
1970-01-01 01:16:57	1017	1017	3		dead
1970-01-01 01:16:58	1018	1018	3		dead
1970-01-01 01:16:59	1019	1019	3		dead
1970-01-01 01:17:00	1020	1020	3		dead
1970-01-01 01:17:01	1021	1021	3		dead
1970-01-01 01:17:02	1022	1022	3		dead
1970-01-01 01:17:03	1023	1023	3		dead
1970-01-01 01:17:04	1024	1024	3		dead
1970-01-01 01:17:05	1025	1025	3		dead
1970-01-01 01:17:06	1026	1026	3		dead
1970-01-01 01:17:07	1027	1027	3		dead
1970-01-01 01:17:08	1028	1028	3		dead
1970-01-01 01:17:09	1029	1029	3		dead
1970-01-01 01:17:10	1030	1030	3		dead
1970-01-01 01:17:11	1031	1031	3		dead
1970-01-01 01:17:12	1032	1032	3		dead
1970-01-01 01:17:13	1033	1033	3		dead
1970-01-01 01:17:14	1034	1034	3		dead
1970-01-01 01:17:15	1035	1035	3		dead
1970-01-01 01:17:16	1036	1036	3		dead
1970-01-01 01:17:17	1037	1037	3		dead
1970-01-01 01:17:18	1038	1038	3		dead
1970-01-01 01:17:19	1039	1039	3		dead
1970-01-01 01:17:20	1040	1040	3		dead
1970-01-01 01:17:21	1041	1041	3		dead
1970-01-01 01:17:22	1042	1042	3		dead
1970-01-01 01:17:23	1043	1043	3		dead
1970-01-01 01:17:24	1044	1044	3		dead
1970-01-01 01:17:25	1045	1045	3		dead
1970-01-01 01:17:26	1046	1046	3		dead
1970-01-01 01:17:27	1047	1047	3		dead
1970-01-01 01:17:28	1048	1048	3		dead
1970-01-01 01:17:29	1049	1049	3		dead
1970-01-01 01:17:30	1050	1050	3		dead
1970-01-01 01:17:31	1051	1051	3		dead
1970-01-01 01:17:32	1052	1052	3		dead
1970-01-01 01:17:33	1053	1053	3		dead
1970-01-01 01:17:34	1054	1054	3		dead
1970-01-01 01:17:35	1055	1055	3		dead
1970-01-01 01:17:36	1056	1056	3		dead
