1970-01-01 01:00:00	0	0	100		alive	29	6	1211	3294	41.00	549.00
1970-01-01 01:00:01	1	1	100		alive	35	12	1553	6532	44.00	544.00
1970-01-01 01:00:02	2	2	100		alive	36	11	1689	6158	46.00	559.00
1970-01-01 01:00:03	3	3	100		alive	45	8	2005	4318	44.00	539.00
1970-01-01 01:00:04	4	4	100		alive	35	8	1564	4195	44.00	524.00
1970-01-01 01:00:05	5	5	100		alive	30	10	1351	5366	45.00	536.00
1970-01-01 01:00:06	6	6	100		alive	38	10	1696	5281	44.00	528.00
1970-01-01 01:00:07	7	7	100		alive	36	11	1559	5340	43.00	485.00
1970-01-01 01:00:08	8	8	100		alive	41	11	1758	5534	42.00	503.00
1970-01-01 01:00:09	9	9	100		alive	32	10	1307	5022	40.00	502.00
1970-01-01 01:00:10	10	10	100		alive	28	11	1227	5784	43.00	525.00
1970-01-01 01:00:11	11	11	100		alive	35	7	1567	3572	44.00	510.00
1970-01-01 01:00:12	12	12	100		alive	35	12	1463	6151	41.00	512.00
1970-01-01 01:00:13	13	13	100		alive	34	9	1462	4345	43.00	482.00
1970-01-01 01:00:14	14	14	100		alive	42	10	1899	4922	45.00	492.00
1970-01-01 01:00:15	15	15	100		alive	32	9	1342	4575	41.00	508.00
1970-01-01 01:00:16	16	16	100		alive	28	9	1284	4308	45.00	478.00
1970-01-01 01:00:17	17	17	100		alive	29	9	1305	4597	45.00	510.00
1970-01-01 01:00:18	18	18	100		alive	30	9	1223	4541	40.00	504.00
1970-01-01 01:00:19	19	19	100		alive	38	13	1576	6095	41.00	468.00
1970-01-01 01:00:20	20	20	100		alive	33	8	1385	3692	41.00	461.00
1970-01-01 01:00:21	21	21	100		alive	41	8	1669	3265	40.00	408.00
1970-01-01 01:00:22	22	22	100		alive	34	12	1540	5425	45.00	452.00
1970-01-01 01:00:23	23	23	100		alive	46	11	1934	5113	42.00	464.00
1970-01-01 01:00:24	24	24	100		alive	33	14	1408	6476	42.00	462.00
1970-01-01 01:00:25	25	25	100		alive	39	9	1737	4129	44.00	458.00
1970-01-01 01:00:26	26	26	100		alive	38	14	1630	5846	42.00	417.00
1970-01-01 01:00:27	27	27	100		alive	37	11	1528	4837	41.00	439.00
1970-01-01 01:00:28	28	28	100		alive	38	10	1594	4585	41.00	458.00
1970-01-01 01:00:29	29	29	100		alive	36	15	1576	6832	43.00	455.00
1970-01-01 01:00:30	30	30	100		alive	43	9	1847	4073	42.00	452.00
1970-01-01 01:00:31	31	31	99		alive	37	11	1579	4947	42.00	449.00
1970-01-01 01:00:32	32	32	99		alive	39	12	1740	5120	44.00	426.00
1970-01-01 01:00:33	33	33	99		alive	39	10	1629	4287	41.00	428.00
1970-01-01 01:00:34	34	34	99		alive	27	9	1209	3626	44.00	402.00
1970-01-01 01:00:35	35	35	99		alive	47	9	2017	3592	42.00	399.00
1970-01-01 01:00:36	36	36	99		alive	40	11	1718	4438	42.00	403.00
1970-01-01 01:00:37	37	37	99		alive	28	10	1224	4094	43.00	409.00
1970-01-01 01:00:38	38	38	99		alive	42	11	1840	4554	43.00	414.00
1970-01-01 01:00:39	39	39	99		alive	34	11	1533	4497	45.00	408.00
1970-01-01 01:00:40	40	40	99		alive	36	12	1546	4927	42.00	410.00
1970-01-01 01:00:41	41	41	99		alive	36	13	1537	5082	42.00	390.00
1970-01-01 01:00:42	42	42	99		alive	32	9	1323	3100	41.00	344.00
1970-01-01 01:00:43	43	43	99		alive	35	12	1522	4683	43.00	390.00
1970-01-01 01:00:44	44	44	99		alive	39	15	1705	5546	43.00	369.00
1970-01-01 01:00:45	45	45	98		alive	39	10	1574	3675	40.00	367.00
1970-01-01 01:00:46	46	46	98		alive	39	10	1673	3654	42.00	365.00
1970-01-01 01:00:47	47	47	97		alive	38	11	1664	3916	43.00	356.00
1970-01-01 01:00:48	48	48	97		alive	36	12	1512	4477	42.00	373.00
1970-01-01 01:00:49	49	49	96		alive	31	15	1307	5488	42.00	365.00
1970-01-01 01:00:50	50	50	96		alive	28	11	1271	3886	45.00	353.00
1970-01-01 01:00:51	51	51	96		alive	38	13	1704	4726	44.00	363.00
1970-01-01 01:00:52	52	52	95		alive	38	12	1614	4376	42.00	364.00
1970-01-01 01:00:53	53	53	94		alive	34	13	1550	4498	45.00	346.00
1970-01-01 01:00:54	54	54	94		alive	34	13	1484	4782	43.00	367.00
1970-01-01 01:00:55	55	55	94		alive	37	13	1533	4742	41.00	364.00
1970-01-01 01:00:56	56	56	94		alive	34	12	1509	4103	44.00	341.00
1970-01-01 01:00:57	57	57	94		alive	38	13	1604	4329	42.00	333.00
1970-01-01 01:00:58	58	58	94		alive	30	14	1322	4441	44.00	317.00
1970-01-01 01:00:59	59	59	94		alive	33	11	1494	3296	45.00	299.00
1970-01-01 01:01:00	60	60	93		alive	33	11	627	3648	19.00	331.00
1970-01-01 01:01:01	61	61	93		dead	39	12	750	3949	19.00	329.00
1970-01-01 01:01:02	62	62	93		dead	40	11	771	3436	19.00	312.00
1970-01-01 01:01:03	63	63	93		dead	38	16	717	4706	18.00	294.00
1970-01-01 01:01:04	64	64	93		dead	36	10	681	3218	18.00	321.00
1970-01-01 01:01:05	65	65	93		dead	29	14	544	4297	18.00	306.00
1970-01-01 01:01:06	66	66	93		dead	37	12	725	3312	19.00	276.00
1970-01-01 01:01:07	67	67	93		dead	37	11	719	3345	19.00	304.00
1970-01-01 01:01:08	68	68	93		dead	37	13	720	3923	19.00	301.00
1970-01-01 01:01:09	69	69	93		dead	43	12	789	3982	18.00	331.00
1970-01-01 01:01:10	70	70	92		dead	39	9	734	2435	18.00	270.00
1970-01-01 01:01:11	71	71	92		dead	28	10	514	2950	18.00	295.00
1970-01-01 01:01:12	72	72	91		dead	32	13	596	3240	18.00	249.00
1970-01-01 01:01:13	73	73	91		dead	38	13	716	3735	18.00	287.00
1970-01-01 01:01:14	74	74	91		dead	37	15	694	3907	18.00	260.00
1970-01-01 01:01:15	75	75	91		dead	33	12	608	3117	18.00	259.00
1970-01-01 01:01:16	76	76	90		dead	34	13	626	3089	18.00	237.00
1970-01-01 01:01:17	77	77	90		dead	40	11	763	2727	19.00	247.00
1970-01-01 01:01:18	78	78	90		dead	33	16	631	4042	19.00	252.00
1970-01-01 01:01:19	79	79	89		dead	31	10	594	2564	19.00	256.00
1970-01-01 01:01:20	80	80	89		dead	36	14	677	3644	18.00	260.00
1970-01-01 01:01:21	81	81	88		dead	37	10	698	2534	18.00	253.00
1970-01-01 01:01:22	82	82	88		dead	30	14	555	3279	18.00	234.00
1970-01-01 01:01:23	83	83	88		dead	40	14	729	2989	18.00	213.00
1970-01-01 01:01:24	84	84	88		dead	33	9	610	1694	18.00	188.00
1970-01-01 01:01:25	85	85	88		dead	39	12	744	2773	19.00	231.00
1970-01-01 01:01:26	86	86	88		dead	36	14	700	2967	19.00	211.00
1970-01-01 01:01:27	87	87	88		dead	36	13	711	2992	19.00	230.00
1970-01-01 01:01:28	88	88	88		dead	37	12	690	2626	18.00	218.00
1970-01-01 01:01:29	89	89	84		dead	34	14	631	2640	18.00	188.00
1970-01-01 01:01:30	90	90	84		dead	39	15	725	3055	18.00	203.00
1970-01-01 01:01:31	91	91	84		dead	35	12	637	2478	18.00	206.00
1970-01-01 01:01:32	92	92	84		dead	45	13	864	2493	19.00	191.00
1970-01-01 01:01:33	93	93	84		dead	31	13	591	2630	19.00	202.00
1970-01-01 01:01:34	94	94	84		dead	40	16	783	2726	19.00	170.00
1970-01-01 01:01:35	95	95	83		dead	30	15	566	2666	18.00	177.00
1970-01-01 01:01:36	96	96	83		dead	40	15	753	2466	18.00	164.00
1970-01-01 01:01:37	97	97	83		dead	37	14	702	2764	18.00	197.00
1970-01-01 01:01:38	98	98	83		dead	40	15	768	2896	19.00	193.00
1970-01-01 01:01:39	99	99	82		dead	38	13	729	2520	19.00	193.00
1970-01-01 01:01:40	100	100	82		dead	35	14	677	2426	19.00	173.00
1970-01-01 01:01:41	101	101	82		dead	33	12	619	2004	18.00	167.00
1970-01-01 01:01:42	102	102	82		dead	44	17	830	2869	18.00	168.00
1970-01-01 01:01:43	103	103	82		dead	29	12	536	1840	18.00	153.00
1970-01-01 01:01:44	104	104	82		dead	33	12	625	1909	18.00	159.00
1970-01-01 01:01:45	105	105	81		dead	28	14	526	1946	18.00	139.00
1970-01-01 01:01:46	106	106	81		dead	34	16	647	2411	19.00	150.00
1970-01-01 01:01:47	107	107	81		dead	36	15	675	2170	18.00	144.00
1970-01-01 01:01:48	108	108	81		dead	40	15	767	1796	19.00	119.00
1970-01-01 01:01:49	109	109	81		dead	31	15	595	1935	19.00	129.00
1970-01-01 01:01:50	110	110	81		dead	31	16	570	2132	18.00	133.00
1970-01-01 01:01:51	111	111	81		dead	44	16	809	2031	18.00	126.00
1970-01-01 01:01:52	112	112	81		dead	34	19	641	2766	18.00	145.00
1970-01-01 01:01:53	113	113	81		dead	36	15	658	1629	18.00	108.00
1970-01-01 01:01:54	114	114	81		dead	43	16	818	1903	19.00	118.00
1970-01-01 01:01:55	115	115	81		dead	45	13	850	1560	18.00	120.00
1970-01-01 01:01:56	116	116	81		dead	37	14	694	1825	18.00	130.00
1970-01-01 01:01:57	117	117	80		dead	35	16	670	1719	19.00	107.00
1970-01-01 01:01:58	118	118	80		dead	38	15	704	1044	18.00	69.00
1970-01-01 01:01:59	119	119	80		dead	34	14	612	1208	18.00	86.00
1970-01-01 01:02:00	120	120	80		dead	30	15	559	1260	18.00	84.00
1970-01-01 01:02:01	121	121	80		dead	28	15	561	1325	20.00	88.00
1970-01-01 01:02:02	122	122	79		dead	38	15	680	1152	17.00	76.00
1970-01-01 01:02:03	123	123	79		dead	39	14	731	1058	18.00	75.00
1970-01-01 01:02:04	124	124	78		dead	27	14	505	924	18.00	66.00
1970-01-01 01:02:05	125	125	78		dead	41	15	759	1068	18.00	71.00
1970-01-01 01:02:06	126	126	78		dead	41	16	760	1170	18.00	73.00
1970-01-01 01:02:07	127	127	78		dead	39	15	760	1203	19.00	80.00
1970-01-01 01:02:08	128	128	77		dead	35	12	618	1216	17.00	101.00
1970-01-01 01:02:09	129	129	76		dead	45	17	848	1342	18.00	78.00
1970-01-01 01:02:10	130	130	76		dead	46	18	873	1279	18.00	71.00
1970-01-01 01:02:11	131	131	76		dead	30	18	569	1410	18.00	78.00
1970-01-01 01:02:12	132	132	74		dead	37	13	680	1065	18.00	81.00
1970-01-01 01:02:13	133	133	74		dead	40	16	747	1198	18.00	74.00
1970-01-01 01:02:14	134	134	74		dead	36	11	698	812	19.00	73.00
1970-01-01 01:02:15	135	135	74		dead	37	15	723	1002	19.00	66.00
1970-01-01 01:02:16	136	136	74		dead	37	14	692	1066	18.00	76.00
1970-01-01 01:02:17	137	137	74		dead	35	15	670	1031	19.00	68.00
1970-01-01 01:02:18	138	138	74		dead	30	15	549	1330	18.00	88.00
1970-01-01 01:02:19	139	139	74		dead	32	15	607	1417	18.00	94.00
1970-01-01 01:02:20	140	140	74		dead	35	15	683	1183	19.00	78.00
1970-01-01 01:02:21	141	141	73		dead	30	16	557	1298	18.00	81.00
1970-01-01 01:02:22	142	142	73		dead	39	15	738	1425	18.00	95.00
1970-01-01 01:02:23	143	143	72		dead	37	12	709	1150	19.00	95.00
1970-01-01 01:02:24	144	144	72		dead	40	18	771	1631	19.00	90.00
1970-01-01 01:02:25	145	145	71		dead	30	17	562	1379	18.00	81.00
1970-01-01 01:02:26	146	146	70		dead	33	15	632	1146	19.00	76.00
1970-01-01 01:02:27	147	147	70		dead	37	15	703	1320	19.00	88.00
1970-01-01 01:02:28	148	148	70		dead	42	15	793	1236	18.00	82.00
1970-01-01 01:02:29	149	149	70		dead	46	13	885	928	19.00	71.00
1970-01-01 01:02:30	150	150	70		dead	28	17	518	1358	18.00	79.00
1970-01-01 01:02:31	151	151	70		dead	37	14	719	1096	19.00	78.00
1970-01-01 01:02:32	152	152	70		dead	34	17	639	1321	18.00	77.00
1970-01-01 01:02:33	153	153	70		dead	38	14	725	1038	19.00	74.00
1970-01-01 01:02:34	154	154	69		dead	34	16	652	1539	19.00	96.00
1970-01-01 01:02:35	155	155	69		dead	36	13	684	905	19.00	69.00
1970-01-01 01:02:36	156	156	69		dead	29	15	541	4025	18.00	268.00
1970-01-01 01:02:37	157	157	68		dead	41	15	777	4160	18.00	277.00
1970-01-01 01:02:38	158	158	68		dead	30	16	569	4421	18.00	276.00
1970-01-01 01:02:39	159	159	68		dead	36	15	709	3979	19.00	265.00
1970-01-01 01:02:40	160	160	68		dead	38	19	723	5365	19.00	282.00
1970-01-01 01:02:41	161	161	66		dead	35	17	636	1282	18.00	75.00
1970-01-01 01:02:42	162	162	66		dead	32	18	627	1488	19.00	82.00
1970-01-01 01:02:43	163	163	66		dead	31	17	596	1431	19.00	84.00
1970-01-01 01:02:44	164	164	66		dead	39	17	735	1617	18.00	95.00
1970-01-01 01:02:45	165	165	66		dead	36	14	657	1174	18.00	83.00
1970-01-01 01:02:46	166	166	65		dead	38	16	751	1209	19.00	75.00
1970-01-01 01:02:47	167	167	65		dead	34	16	652	1142	19.00	71.00
1970-01-01 01:02:48	168	168	65		dead	27	20	497	1304	18.00	65.00
1970-01-01 01:02:49	169	169	65		dead	35	15	660	1046	18.00	69.00
1970-01-01 01:02:50	170	170	64		dead	32	21	622	5127	19.00	244.00
1970-01-01 01:02:51	171	171	64		dead	36	14	687	3653	19.00	260.00
1970-01-01 01:02:52	172	172	64		dead	39	18	735	5369	18.00	298.00
1970-01-01 01:02:53	173	173	64		dead	40	15	738	3908	18.00	260.00
1970-01-01 01:02:54	174	174	64		dead	38	18	730	4926	19.00	273.00
1970-01-01 01:02:55	175	175	63		dead	37	17	717	1417	19.00	83.00
1970-01-01 01:02:56	176	176	63		dead	38	14	713	1061	18.00	75.00
1970-01-01 01:02:57	177	177	63		dead	40	17	757	1594	18.00	93.00
1970-01-01 01:02:58	178	178	63		dead	39	16	731	1300	18.00	81.00
1970-01-01 01:02:59	179	179	63		dead	39	17	737	1488	18.00	87.00
1970-01-01 01:03:00	180	180	63		dead	37	18	712	1366	19.00	75.00
1970-01-01 01:03:01	181	181	63		dead	37	17	679	1248	18.00	73.00
1970-01-01 01:03:02	182	182	63		dead	37	17	699	1495	18.00	87.00
1970-01-01 01:03:03	183	183	63		dead	32	17	582	1619	18.00	95.00
1970-01-01 01:03:04	184	184	63		dead	34	20	639	1624	18.00	81.00
1970-01-01 01:03:05	185	185	63		dead	26	18	472	4503	18.00	250.00
1970-01-01 01:03:06	186	186	63		dead	30	18	580	4932	19.00	274.00
1970-01-01 01:03:07	187	187	63		dead	32	19	620	5270	19.00	277.00
1970-01-01 01:03:08	188	188	63		dead	32	18	582	5083	18.00	282.00
1970-01-01 01:03:09	189	189	63		dead	44	16	803	4319	18.00	269.00
1970-01-01 01:03:10	190	190	62		dead	35	17	648	1596	18.00	93.00
1970-01-01 01:03:11	191	191	62		dead	38	20	724	1646	19.00	82.00
1970-01-01 01:03:12	192	192	62		dead	31	17	559	1394	18.00	82.00
1970-01-01 01:03:13	193	193	62		dead	32	15	594	1289	18.00	85.00
1970-01-01 01:03:14	194	194	62		dead	31	19	552	1569	17.00	82.00
1970-01-01 01:03:15	195	195	61		dead	40	19	785	4845	19.00	255.00
1970-01-01 01:03:16	196	196	61		dead	43	15	822	3699	19.00	246.00
1970-01-01 01:03:17	197	197	61		dead	36	16	674	4132	18.00	258.00
1970-01-01 01:03:18	198	198	60		dead	35	24	679	6274	19.00	261.00
1970-01-01 01:03:19	199	199	60		dead	33	21	621	5618	18.00	267.00
1970-01-01 01:03:20	200	200	59		dead	40	18	743	1470	18.00	81.00
1970-01-01 01:03:21	201	201	59		dead	42	19	814	5058	19.00	266.00
1970-01-01 01:03:22	202	202	59		dead	34	19	667	5452	19.00	286.00
1970-01-01 01:03:23	203	203	59		dead	40	16	769	4242	19.00	265.00
1970-01-01 01:03:24	204	204	59		dead	35	16	669	4241	19.00	265.00
1970-01-01 01:03:25	205	205	59		dead	38	18	709	4920	18.00	273.00
1970-01-01 01:03:26	206	206	58		dead	35	22	662	1792	18.00	81.00
1970-01-01 01:03:27	207	207	57		dead	38	19	704	1678	18.00	88.00
1970-01-01 01:03:28	208	208	57		dead	40	19	745	1357	18.00	71.00
1970-01-01 01:03:29	209	209	57		dead	39	18	721	1646	18.00	91.00
1970-01-01 01:03:30	210	210	57		dead	34	20	639	1701	18.00	85.00
1970-01-01 01:03:31	211	211	57		dead	36	19	671	1650	18.00	86.00
1970-01-01 01:03:32	212	212	56		dead	40	21	750	1870	18.00	89.00
1970-01-01 01:03:33	213	213	56		dead	38	18	699	1584	18.00	88.00
1970-01-01 01:03:34	214	214	56		dead	38	20	718	1508	18.00	75.00
1970-01-01 01:03:35	215	215	56		dead	41	20	729	1718	17.00	85.00
1970-01-01 01:03:36	216	216	56		dead	36	18	684	1552	19.00	86.00
1970-01-01 01:03:37	217	217	56		dead	41	19	786	1610	19.00	84.00
1970-01-01 01:03:38	218	218	55		dead	33	22	611	1939	18.00	88.00
1970-01-01 01:03:39	219	219	54		dead	32	19	617	1522	19.00	80.00
1970-01-01 01:03:40	220	220	53		dead	30	19	559	1493	18.00	78.00
1970-01-01 01:03:41	221	221	53		dead	35	20	655	1425	18.00	71.00
1970-01-01 01:03:42	222	222	52		dead	37	19	713	1561	19.00	82.00
1970-01-01 01:03:43	223	223	52		dead	28	21	542	1974	19.00	94.00
1970-01-01 01:03:44	224	224	51		dead	33	17	617	1304	18.00	76.00
1970-01-01 01:03:45	225	225	51		dead	31	22	607	1803	19.00	81.00
1970-01-01 01:03:46	226	226	51		dead	39	19	734	1403	18.00	73.00
1970-01-01 01:03:47	227	227	51		dead	35	18	680	1281	19.00	71.00
1970-01-01 01:03:48	228	228	50		dead	30	16	562	1314	18.00	82.00
1970-01-01 01:03:49	229	229	50		dead	40	18	768	1401	19.00	77.00
1970-01-01 01:03:50	230	230	50		dead	36	20	688	1406	19.00	70.00
1970-01-01 01:03:51	231	231	49		dead	39	17	744	1410	19.00	82.00
1970-01-01 01:03:52	232	232	49		dead	35	19	632	1424	18.00	74.00
1970-01-01 01:03:53	233	233	49		dead	25	20	470	1758	18.00	87.00
1970-01-01 01:03:54	234	234	49		dead	42	16	796	1170	18.00	73.00
1970-01-01 01:03:55	235	235	49		dead	36	23	707	2144	19.00	93.00
1970-01-01 01:03:56	236	236	49		dead	28	18	526	1643	18.00	91.00
1970-01-01 01:03:57	237	237	49		dead	35	20	620	1597	17.00	79.00
1970-01-01 01:03:58	238	238	49		dead	38	16	731	1508	19.00	94.00
1970-01-01 01:03:59	239	239	49		dead	32	20	602	1820	18.00	91.00
1970-01-01 01:04:00	240	240	49		dead	38	22	719	1845	18.00	83.00
1970-01-01 01:04:01	241	241	49		dead	31	19	586	1688	18.00	88.00
1970-01-01 01:04:02	242	242	49		dead	30	19	547	1441	18.00	75.00
1970-01-01 01:04:03	243	243	49		dead	33	20	626	1589	18.00	79.00
1970-01-01 01:04:04	244	244	49		dead	41	19	773	1690	18.00	88.00
1970-01-01 01:04:05	245	245	49		dead	38	18	728	1303	19.00	72.00
1970-01-01 01:04:06	246	246	49		dead	32	20	589	1362	18.00	68.00
1970-01-01 01:04:07	247	247	49		dead	35	20	683	1411	19.00	70.00
1970-01-01 01:04:08	248	248	49		dead	33	21	611	1771	18.00	84.00
1970-01-01 01:04:09	249	249	49		dead	34	19	659	1762	19.00	92.00
1970-01-01 01:04:10	250	250	49		dead	32	20	626	1878	19.00	93.00
1970-01-01 01:04:11	251	251	49		dead	30	20	570	1629	19.00	81.00
1970-01-01 01:04:12	252	252	49		dead	29	22	536	2073	18.00	94.00
1970-01-01 01:04:13	253	253	48		dead	34	22	658	1747	19.00	79.00
1970-01-01 01:04:14	254	254	47		dead	41	21	769	1631	18.00	77.00
1970-01-01 01:04:15	255	255	46		dead	25	18	475	1507	19.00	83.00
1970-01-01 01:04:16	256	256	45		dead	35	18	649	1605	18.00	89.00
1970-01-01 01:04:17	257	257	45		dead	36	18	698	1410	19.00	78.00
1970-01-01 01:04:18	258	258	45		dead	39	20	771	1654	19.00	82.00
1970-01-01 01:04:19	259	259	45		dead	38	22	709	1851	18.00	84.00
1970-01-01 01:04:20	260	260	45		dead	36	19	681	1536	18.00	80.00
1970-01-01 01:04:21	261	261	44		dead	30	18	565	1537	18.00	85.00
1970-01-01 01:04:22	262	262	44		dead	35	19	674	1552	19.00	81.00
1970-01-01 01:04:23	263	263	43		dead	35	22	632	1917	18.00	87.00
1970-01-01 01:04:24	264	264	43		dead	36	19	694	1374	19.00	72.00
1970-01-01 01:04:25	265	265	43		dead	42	19	782	1552	18.00	81.00
1970-01-01 01:04:26	266	266	42		dead	34	19	625	1721	18.00	90.00
1970-01-01 01:04:27	267	267	41		dead	31	21	584	1885	18.00	89.00
1970-01-01 01:04:28	268	268	40		dead	42	21	819	1698	19.00	80.00
1970-01-01 01:04:29	269	269	39		dead	36	21	673	1690	18.00	80.00
1970-01-01 01:04:30	270	270	39		dead	42	22	783	1745	18.00	79.00
1970-01-01 01:04:31	271	271	39		dead	37	19	673	1478	18.00	77.00
1970-01-01 01:04:32	272	272	39		dead	32	18	594	1502	18.00	83.00
1970-01-01 01:04:33	273	273	39		dead	36	21	693	1673	19.00	79.00
1970-01-01 01:04:34	274	274	39		dead	37	19	699	1256	18.00	66.00
1970-01-01 01:04:35	275	275	39		dead	39	19	730	1336	18.00	70.00
1970-01-01 01:04:36	276	276	39		dead	32	22	615	1516	19.00	68.00
1970-01-01 01:04:37	277	277	39		dead	28	19	516	1689	18.00	88.00
1970-01-01 01:04:38	278	278	39		dead	34	21	650	1846	19.00	87.00
1970-01-01 01:04:39	279	279	39		dead	43	19	807	1455	18.00	76.00
1970-01-01 01:04:40	280	280	38		dead	37	16	677	1430	18.00	89.00
1970-01-01 01:04:41	281	281	37		dead	33	20	630	1787	19.00	89.00
1970-01-01 01:04:42	282	282	37		dead	39	18	758	1162	19.00	64.00
1970-01-01 01:04:43	283	283	36		dead	34	18	653	1268	19.00	70.00
1970-01-01 01:04:44	284	284	36		dead	33	23	612	1839	18.00	79.00
1970-01-01 01:04:45	285	285	36		dead	38	19	732	1478	19.00	77.00
1970-01-01 01:04:46	286	286	36		dead	40	19	760	1674	19.00	88.00
1970-01-01 01:04:47	287	287	36		dead	38	22	705	2188	18.00	99.00
1970-01-01 01:04:48	288	288	35		dead	34	18	646	1311	19.00	72.00
1970-01-01 01:04:49	289	289	35		dead	41	20	770	1556	18.00	77.00
1970-01-01 01:04:50	290	290	35		dead	41	21	799	1954	19.00	93.00
1970-01-01 01:04:51	291	291	35		dead	36	20	681	1624	18.00	81.00
1970-01-01 01:04:52	292	292	35		dead	30	20	563	1796	18.00	89.00
1970-01-01 01:04:53	293	293	35		dead	31	20	567	1623	18.00	81.00
1970-01-01 01:04:54	294	294	35		dead	37	20	696	1623	18.00	81.00
1970-01-01 01:04:55	295	295	35		dead	37	20	684	1496	18.00	74.00
1970-01-01 01:04:56	296	296	35		dead	38	21	740	1507	19.00	71.00
1970-01-01 01:04:57	297	297	35		dead	35	19	675	1336	19.00	70.00
1970-01-01 01:04:58	298	298	35		dead	39	17	741	1255	19.00	73.00
1970-01-01 01:04:59	299	299	35		dead	36	18	683	1404	18.00	78.00
1970-01-01 01:05:00	300	300	35		dead	40	19	772	1665	19.00	87.00
1970-01-01 01:05:01	301	301	35		dead	35	20	637	1592	18.00	79.00
1970-01-01 01:05:02	302	302	35		dead	34	16	656	1390	19.00	86.00
1970-01-01 01:05:03	303	303	35		dead	41	18	778	1521	18.00	84.00
1970-01-01 01:05:04	304	304	35		dead	36	18	686	1507	19.00	83.00
1970-01-01 01:05:05	305	305	34		dead	37	22	690	1553	18.00	70.00
1970-01-01 01:05:06	306	306	33		dead	38	21	692	1749	18.00	83.00
1970-01-01 01:05:07	307	307	33		dead	39	19	705	1284	18.00	67.00
1970-01-01 01:05:08	308	308	33		dead	37	17	668	1324	18.00	77.00
1970-01-01 01:05:09	309	309	33		dead	40	16	746	1383	18.00	86.00
1970-01-01 01:05:10	310	310	33		dead	38	17	705	1530	18.00	90.00
1970-01-01 01:05:11	311	311	33		dead	38	20	717	1554	18.00	77.00
1970-01-01 01:05:12	312	312	33		dead	47	20	882	1526	18.00	76.00
1970-01-01 01:05:13	313	313	33		dead	37	20	710	1520	19.00	76.00
1970-01-01 01:05:14	314	314	33		dead	35	19	676	1637	19.00	86.00
1970-01-01 01:05:15	315	315	33		dead	37	21	716	1732	19.00	82.00
1970-01-01 01:05:16	316	316	33		dead	29	17	555	1582	19.00	93.00
1970-01-01 01:05:17	317	317	33		dead	34	22	640	1701	18.00	77.00
1970-01-01 01:05:18	318	318	33		dead	39	19	720	1418	18.00	74.00
1970-01-01 01:05:19	319	319	33		dead	37	21	729	1635	19.00	77.00
1970-01-01 01:05:20	320	320	33		dead	32	20	609	1335	19.00	66.00
1970-01-01 01:05:21	321	321	33		dead	39	21	710	1682	18.00	80.00
1970-01-01 01:05:22	322	322	33		dead	37	21	675	1926	18.00	91.00
1970-01-01 01:05:23	323	323	33		dead	37	21	661	1916	17.00	91.00
1970-01-01 01:05:24	324	324	32		dead	35	17	661	1417	18.00	83.00
1970-01-01 01:05:25	325	325	31		dead	44	15	821	1238	18.00	82.00
1970-01-01 01:05:26	326	326	31		dead	41	20	811	1694	19.00	84.00
1970-01-01 01:05:27	327	327	31		dead	34	19	623	1658	18.00	87.00
1970-01-01 01:05:28	328	328	31		dead	37	17	738	1658	19.00	97.00
1970-01-01 01:05:29	329	329	31		dead	33	15	614	921	18.00	61.00
1970-01-01 01:05:30	330	330	31		dead	39	20	731	1738	18.00	86.00
1970-01-01 01:05:31	331	331	31		dead	32	16	593	1471	18.00	91.00
1970-01-01 01:05:32	332	332	31		dead	34	18	645	1383	18.00	76.00
1970-01-01 01:05:33	333	333	31		dead	35	20	655	1639	18.00	81.00
1970-01-01 01:05:34	334	334	31		dead	32	18	620	1435	19.00	79.00
1970-01-01 01:05:35	335	335	31		dead	29	19	547	1477	18.00	77.00
1970-01-01 01:05:36	336	336	31		dead	37	20	685	1840	18.00	92.00
1970-01-01 01:05:37	337	337	31		dead	43	21	834	1647	19.00	78.00
1970-01-01 01:05:38	338	338	31		dead	25	18	467	1348	18.00	74.00
1970-01-01 01:05:39	339	339	31		dead	32	18	633	1387	19.00	77.00
1970-01-01 01:05:40	340	340	31		dead	30	19	547	1633	18.00	85.00
1970-01-01 01:05:41	341	341	31		dead	41	20	762	1842	18.00	92.00
1970-01-01 01:05:42	342	342	31		dead	35	18	657	1424	18.00	79.00
1970-01-01 01:05:43	343	343	31		dead	37	19	709	1851	19.00	97.00
1970-01-01 01:05:44	344	344	31		dead	35	20	666	1414	19.00	70.00
1970-01-01 01:05:45	345	345	31		dead	31	19	580	1535	18.00	80.00
1970-01-01 01:05:46	346	346	31		dead	29	23	576	1532	19.00	66.00
1970-01-01 01:05:47	347	347	31		dead	40	19	768	1594	19.00	83.00
1970-01-01 01:05:48	348	348	31		dead	38	20	736	1861	19.00	93.00
1970-01-01 01:05:49	349	349	31		dead	36	17	670	1196	18.00	70.00
1970-01-01 01:05:50	350	350	31		dead	34	20	644	1432	18.00	71.00
1970-01-01 01:05:51	351	351	31		dead	35	18	690	1424	19.00	79.00
1970-01-01 01:05:52	352	352	31		dead	31	19	592	1690	19.00	88.00
1970-01-01 01:05:53	353	353	31		dead	37	18	717	1563	19.00	86.00
1970-01-01 01:05:54	354	354	31		dead	39	22	718	1838	18.00	83.00
1970-01-01 01:05:55	355	355	31		dead	34	19	632	1794	18.00	94.00
1970-01-01 01:05:56	356	356	31		dead	42	20	806	1628	19.00	81.00
1970-01-01 01:05:57	357	357	31		dead	36	18	672	1504	18.00	83.00
1970-01-01 01:05:58	358	358	31		dead	29	21	558	1706	19.00	81.00
1970-01-01 01:05:59	359	359	31		dead	33	17	591	1379	17.00	81.00
1970-01-01 01:06:00	360	360	31		dead	28	17	513	1331	18.00	78.00
1970-01-01 01:06:01	361	361	31		dead	40	19	745	1397	18.00	73.00
1970-01-01 01:06:02	362	362	31		dead	40	18	744	1479	18.00	82.00
1970-01-01 01:06:03	363	363	30		dead	34	21	651	1690	19.00	80.00
1970-01-01 01:06:04	364	364	30		dead	40	19	749	1697	18.00	89.00
1970-01-01 01:06:05	365	365	30		dead	40	17	769	1481	19.00	87.00
1970-01-01 01:06:06	366	366	30		dead	37	20	716	1669	19.00	83.00
1970-01-01 01:06:07	367	367	30		dead	37	20	705	1433	19.00	71.00
1970-01-01 01:06:08	368	368	30		dead	26	19	508	1612	19.00	84.00
1970-01-01 01:06:09	369	369	30		dead	36	20	710	1630	19.00	81.00
1970-01-01 01:06:10	370	370	30		dead	38	21	710	1732	18.00	82.00
1970-01-01 01:06:11	371	371	30		dead	34	20	650	1602	19.00	80.00
1970-01-01 01:06:12	372	372	30		dead	41	18	774	1337	18.00	74.00
1970-01-01 01:06:13	373	373	30		dead	25	20	449	1936	17.00	96.00
1970-01-01 01:06:14	374	374	29		dead	29	22	542	2124	18.00	96.00
1970-01-01 01:06:15	375	375	29		dead	34	21	617	1494	18.00	71.00
1970-01-01 01:06:16	376	376	29		dead	32	20	612	1542	19.00	77.00
1970-01-01 01:06:17	377	377	29		dead	29	18	551	1557	19.00	86.00
1970-01-01 01:06:18	378	378	29		dead	30	18	584	1387	19.00	77.00
1970-01-01 01:06:19	379	379	29		dead	37	20	710	1603	19.00	80.00
1970-01-01 01:06:20	380	380	29		dead	40	23	743	2126	18.00	92.00
1970-01-01 01:06:21	381	381	29		dead	36	18	706	1606	19.00	89.00
1970-01-01 01:06:22	382	382	29		dead	39	20	729	1312	18.00	65.00
1970-01-01 01:06:23	383	383	29		dead	34	19	628	1723	18.00	90.00
1970-01-01 01:06:24	384	384	29		dead	37	22	691	1815	18.00	82.00
1970-01-01 01:06:25	385	385	29		dead	33	20	613	1709	18.00	85.00
1970-01-01 01:06:26	386	386	29		dead	34	22	645	1965	18.00	89.00
1970-01-01 01:06:27	387	387	29		dead	27	21	511	1701	18.00	81.00
1970-01-01 01:06:28	388	388	29		dead	41	18	740	1536	18.00	85.00
1970-01-01 01:06:29	389	389	29		dead	40	17	778	1356	19.00	79.00
1970-01-01 01:06:30	390	390	29		dead	36	21	669	1918	18.00	91.00
1970-01-01 01:06:31	391	391	29		dead	43	17	800	1458	18.00	85.00
1970-01-01 01:06:32	392	392	29		dead	38	21	708	1857	18.00	88.00
1970-01-01 01:06:33	393	393	29		dead	34	19	614	1400	18.00	73.00
1970-01-01 01:06:34	394	394	29		dead	27	17	523	1510	19.00	88.00
1970-01-01 01:06:35	395	395	29		dead	30	20	588	1812	19.00	90.00
1970-01-01 01:06:36	396	396	29		dead	42	20	801	1417	19.00	70.00
1970-01-01 01:06:37	397	397	29		dead	28	20	503	1688	17.00	84.00
1970-01-01 01:06:38	398	398	29		dead	33	20	653	1531	19.00	76.00
1970-01-01 01:06:39	399	399	29		dead	42	15	793	1541	18.00	102.00
1970-01-01 01:06:40	400	400	29		dead	34	18	626	1397	18.00	77.00
1970-01-01 01:06:41	401	401	29		dead	37	19	686	1414	18.00	74.00
1970-01-01 01:06:42	402	402	29		dead	35	18	651	1613	18.00	89.00
1970-01-01 01:06:43	403	403	29		dead	45	21	859	1587	19.00	75.00
1970-01-01 01:06:44	404	404	29		dead	41	18	761	1543	18.00	85.00
1970-01-01 01:06:45	405	405	29		dead	33	19	639	1622	19.00	85.00
1970-01-01 01:06:46	406	406	29		dead	35	16	668	1278	19.00	79.00
1970-01-01 01:06:47	407	407	29		dead	32	23	617	1987	19.00	86.00
1970-01-01 01:06:48	408	408	29		dead	38	21	741	1662	19.00	79.00
1970-01-01 01:06:49	409	409	29		dead	36	20	695	1642	19.00	82.00
1970-01-01 01:06:50	410	410	29		dead	36	18	717	1434	19.00	79.00
1970-01-01 01:06:51	411	411	29		dead	33	23	616	1598	18.00	69.00
1970-01-01 01:06:52	412	412	29		dead	33	18	624	1343	18.00	74.00
1970-01-01 01:06:53	413	413	29		dead	27	19	532	1395	19.00	73.00
1970-01-01 01:06:54	414	414	29		dead	31	20	550	1792	17.00	89.00
1970-01-01 01:06:55	415	415	29		dead	38	17	716	1465	18.00	86.00
1970-01-01 01:06:56	416	416	29		dead	35	21	658	1562	18.00	74.00
1970-01-01 01:06:57	417	417	29		dead	31	19	557	1521	17.00	80.00
1970-01-01 01:06:58	418	418	29		dead	34	21	653	1737	19.00	82.00
1970-01-01 01:06:59	419	419	29		dead	37	20	676	1468	18.00	73.00
1970-01-01 01:07:00	420	420	29		dead	37	19	684	1776	18.00	93.00
1970-01-01 01:07:01	421	421	29		dead	38	18	717	1331	18.00	73.00
1970-01-01 01:07:02	422	422	29		dead	35	17	668	1562	19.00	91.00
1970-01-01 01:07:03	423	423	29		dead	42	22	798	1753	19.00	79.00
1970-01-01 01:07:04	424	424	29		dead	26	19	506	1579	19.00	83.00
1970-01-01 01:07:05	425	425	29		dead	30	19	594	1671	19.00	87.00
1970-01-01 01:07:06	426	426	29		dead	33	18	633	1504	19.00	83.00
1970-01-01 01:07:07	427	427	29		dead	41	17	779	1262	19.00	74.00
1970-01-01 01:07:08	428	428	29		dead	28	20	501	1626	17.00	81.00
1970-01-01 01:07:09	429	429	29		dead	39	21	731	1661	18.00	79.00
1970-01-01 01:07:10	430	430	29		dead	31	19	605	1723	19.00	90.00
1970-01-01 01:07:11	431	431	29		dead	34	19	632	1540	18.00	81.00
1970-01-01 01:07:12	432	432	29		dead	37	18	689	1528	18.00	84.00
1970-01-01 01:07:13	433	433	29		dead	41	21	772	1968	18.00	93.00
1970-01-01 01:07:14	434	434	29		dead	35	19	658	1526	18.00	80.00
1970-01-01 01:07:15	435	435	29		dead	39	18	710	1538	18.00	85.00
1970-01-01 01:07:16	436	436	29		dead	35	16	645	1371	18.00	85.00
1970-01-01 01:07:17	437	437	29		dead	34	21	640	1706	18.00	81.00
1970-01-01 01:07:18	438	438	29		dead	38	17	702	1326	18.00	78.00
1970-01-01 01:07:19	439	439	29		dead	32	18	589	1512	18.00	84.00
1970-01-01 01:07:20	440	440	29		dead	30	19	572	1629	19.00	85.00
1970-01-01 01:07:21	441	441	29		dead	34	19	650	1208	19.00	63.00
1970-01-01 01:07:22	442	442	28		dead	37	18	681	1169	18.00	64.00
1970-01-01 01:07:23	443	443	28		dead	36	21	669	1956	18.00	93.00
1970-01-01 01:07:24	444	444	28		dead	33	17	648	1700	19.00	100.00
1970-01-01 01:07:25	445	445	28		dead	31	20	566	1549	18.00	77.00
1970-01-01 01:07:26	446	446	28		dead	41	19	787	1326	19.00	69.00
1970-01-01 01:07:27	447	447	28		dead	36	18	680	1421	18.00	78.00
1970-01-01 01:07:28	448	448	28		dead	31	19	563	1499	18.00	78.00
1970-01-01 01:07:29	449	449	28		dead	43	20	810	1661	18.00	83.00
1970-01-01 01:07:30	450	450	28		dead	41	20	778	1365	18.00	68.00
1970-01-01 01:07:31	451	451	28		dead	39	19	715	1771	18.00	93.00
1970-01-01 01:07:32	452	452	28		dead	35	18	646	1576	18.00	87.00
1970-01-01 01:07:33	453	453	28		dead	35	19	683	1495	19.00	78.00
1970-01-01 01:07:34	454	454	28		dead	32	18	630	1193	19.00	66.00
1970-01-01 01:07:35	455	455	28		dead	37	22	693	1539	18.00	69.00
1970-01-01 01:07:36	456	456	28		dead	40	18	769	1473	19.00	81.00
1970-01-01 01:07:37	457	457	28		dead	39	19	708	1480	18.00	77.00
1970-01-01 01:07:38	458	458	28		dead	36	18	679	1413	18.00	78.00
1970-01-01 01:07:39	459	459	27		dead	39	20	756	1556	19.00	77.00
1970-01-01 01:07:40	460	460	27		dead	31	19	586	1718	18.00	90.00
1970-01-01 01:07:41	461	461	27		dead	40	20	794	1442	19.00	72.00
1970-01-01 01:07:42	462	462	27		dead	38	21	707	1806	18.00	86.00
1970-01-01 01:07:43	463	463	27		dead	39	18	746	1354	19.00	75.00
1970-01-01 01:07:44	464	464	27		dead	34	17	670	1296	19.00	76.00
1970-01-01 01:07:45	465	465	27		dead	45	20	868	1572	19.00	78.00
1970-01-01 01:07:46	466	466	27		dead	42	20	798	1427	19.00	71.00
1970-01-01 01:07:47	467	467	27		dead	40	22	759	1899	18.00	86.00
1970-01-01 01:07:48	468	468	27		dead	33	21	627	2109	19.00	100.00
1970-01-01 01:07:49	469	469	27		dead	37	21	709	2053	19.00	97.00
1970-01-01 01:07:50	470	470	27		dead	38	18	723	1582	19.00	87.00
1970-01-01 01:07:51	471	471	27		dead	35	18	656	1715	18.00	95.00
1970-01-01 01:07:52	472	472	27		dead	40	20	746	1614	18.00	80.00
1970-01-01 01:07:53	473	473	27		dead	36	19	691	1269	19.00	66.00
1970-01-01 01:07:54	474	474	27		dead	36	21	683	1821	18.00	86.00
1970-01-01 01:07:55	475	475	27		dead	31	17	592	1479	19.00	87.00
1970-01-01 01:07:56	476	476	27		dead	31	18	574	1484	18.00	82.00
1970-01-01 01:07:57	477	477	27		dead	36	19	662	1391	18.00	73.00
1970-01-01 01:07:58	478	478	27		dead	36	20	678	1734	18.00	86.00
1970-01-01 01:07:59	479	479	27		dead	32	20	561	1650	17.00	82.00
1970-01-01 01:08:00	480	480	27		dead	35	18	671	1535	19.00	85.00
1970-01-01 01:08:01	481	481	27		dead	36	20	660	1290	18.00	64.00
1970-01-01 01:08:02	482	482	27		dead	39	18	714	1333	18.00	74.00
1970-01-01 01:08:03	483	483	26		dead	36	18	673	1400	18.00	77.00
1970-01-01 01:08:04	484	484	25		dead	37	18	689	1282	18.00	71.00
1970-01-01 01:08:05	485	485	25		dead	40	19	758	1698	18.00	89.00
1970-01-01 01:08:06	486	486	25		dead	29	18	540	1796	18.00	99.00
1970-01-01 01:08:07	487	487	25		dead	36	20	668	1659	18.00	82.00
1970-01-01 01:08:08	488	488	25		dead	43	17	824	1493	19.00	87.00
1970-01-01 01:08:09	489	489	25		dead	40	18	735	1208	18.00	67.00
1970-01-01 01:08:10	490	490	24		dead	34	19	637	1515	18.00	79.00
1970-01-01 01:08:11	491	491	24		dead	37	19	705	1430	19.00	75.00
1970-01-01 01:08:12	492	492	23		dead	46	19	889	1614	19.00	84.00
1970-01-01 01:08:13	493	493	23		dead	34	20	640	1797	18.00	89.00
1970-01-01 01:08:14	494	494	23		dead	39	19	732	1571	18.00	82.00
1970-01-01 01:08:15	495	495	23		dead	29	17	538	1443	18.00	84.00
1970-01-01 01:08:16	496	496	23		dead	39	20	714	1801	18.00	90.00
1970-01-01 01:08:17	497	497	23		dead	33	21	648	1629	19.00	77.00
1970-01-01 01:08:18	498	498	22		dead	29	20	529	1728	18.00	86.00
1970-01-01 01:08:19	499	499	22		dead	40	17	741	1371	18.00	80.00
1970-01-01 01:08:20	500	500	22		dead	35	19	644	1751	18.00	92.00
1970-01-01 01:08:21	501	501	21		dead	31	18	577	1343	18.00	74.00
1970-01-01 01:08:22	502	502	21		dead	34	20	622	1400	18.00	70.00
1970-01-01 01:08:23	503	503	21		dead	39	20	749	1572	19.00	78.00
1970-01-01 01:08:24	504	504	21		dead	37	22	688	1653	18.00	75.00
1970-01-01 01:08:25	505	505	21		dead	32	20	578	1585	18.00	79.00
1970-01-01 01:08:26	506	506	21		dead	34	22	626	1810	18.00	82.00
1970-01-01 01:08:27	507	507	20		dead	33	15	635	1153	19.00	76.00
1970-01-01 01:08:28	508	508	20		dead	25	20	470	1722	18.00	86.00
1970-01-01 01:08:29	509	509	20		dead	36	18	682	1405	18.00	78.00
1970-01-01 01:08:30	510	510	20		dead	28	20	537	1849	19.00	92.00
1970-01-01 01:08:31	511	511	20		dead	30	21	567	5267	18.00	250.00
1970-01-01 01:08:32	512	512	20		dead	33	21	609	5298	18.00	252.00
1970-01-01 01:08:33	513	513	20		dead	35	20	643	5010	18.00	250.00
1970-01-01 01:08:34	514	514	20		dead	34	18	649	5230	19.00	290.00
1970-01-01 01:08:35	515	515	20		dead	34	20	644	5300	18.00	265.00
1970-01-01 01:08:36	516	516	20		dead	32	18	601	4532	18.00	251.00
1970-01-01 01:08:37	517	517	19		dead	35	19	640	1820	18.00	95.00
1970-01-01 01:08:38	518	518	18		dead	31	19	598	1333	19.00	70.00
1970-01-01 01:08:39	519	519	18		dead	38	19	680	1483	17.00	78.00
1970-01-01 01:08:40	520	520	18		dead	42	19	783	1647	18.00	86.00
1970-01-01 01:08:41	521	521	18		dead	38	19	711	1350	18.00	71.00
1970-01-01 01:08:42	522	522	18		dead	28	19	512	1664	18.00	87.00
1970-01-01 01:08:43	523	523	18		dead	30	19	547	1497	18.00	78.00
1970-01-01 01:08:44	524	524	18		dead	35	19	671	1590	19.00	83.00
1970-01-01 01:08:45	525	525	18		dead	40	19	767	1571	19.00	82.00
1970-01-01 01:08:46	526	526	18		dead	32	19	623	1788	19.00	94.00
1970-01-01 01:08:47	527	527	18		dead	27	19	522	1433	19.00	75.00
1970-01-01 01:08:48	528	528	18		dead	31	16	581	1223	18.00	76.00
1970-01-01 01:08:49	529	529	18		dead	46	16	840	1411	18.00	88.00
1970-01-01 01:08:50	530	530	18		dead	41	18	773	1690	18.00	93.00
1970-01-01 01:08:51	531	531	18		dead	35	19	635	1632	18.00	85.00
1970-01-01 01:08:52	532	532	18		dead	32	19	599	1228	18.00	64.00
1970-01-01 01:08:53	533	533	18		dead	42	19	791	1609	18.00	84.00
1970-01-01 01:08:54	534	534	18		dead	39	19	725	1659	18.00	87.00
1970-01-01 01:08:55	535	535	18		dead	36	19	667	1398	18.00	73.00
1970-01-01 01:08:56	536	536	18		dead	31	19	589	1706	19.00	89.00
1970-01-01 01:08:57	537	537	18		dead	38	19	723	1539	19.00	81.00
1970-01-01 01:08:58	538	538	18		dead	25	19	457	1429	18.00	75.00
1970-01-01 01:08:59	539	539	18		dead	44	19	806	1463	18.00	77.00
1970-01-01 01:09:00	540	540	17		dead	35	19	644	1761	18.00	92.00
1970-01-01 01:09:01	541	541	17		dead	42	19	811	1655	19.00	87.00
1970-01-01 01:09:02	542	542	17		dead	31	19	591	1485	19.00	78.00
1970-01-01 01:09:03	543	543	17		dead	42	19	782	1629	18.00	85.00
1970-01-01 01:09:04	544	544	17		dead	39	19	745	1506	19.00	79.00
1970-01-01 01:09:05	545	545	17		dead	39	19	731	1648	18.00	86.00
1970-01-01 01:09:06	546	546	17		dead	34	18	626	1677	18.00	93.00
1970-01-01 01:09:07	547	547	17		dead	44	18	811	1625	18.00	90.00
1970-01-01 01:09:08	548	548	17		dead	32	18	597	1375	18.00	76.00
1970-01-01 01:09:09	549	549	17		dead	39	19	733	1388	18.00	73.00
1970-01-01 01:09:10	550	550	17		dead	26	17	474	4605	18.00	270.00
1970-01-01 01:09:11	551	551	17		dead	31	20	589	5376	19.00	268.00
1970-01-01 01:09:12	552	552	17		dead	35	21	658	6167	18.00	293.00
1970-01-01 01:09:13	553	553	17		dead	37	19	735	5311	19.00	279.00
1970-01-01 01:09:14	554	554	17		dead	37	21	701	5373	18.00	255.00
1970-01-01 01:09:15	555	555	16		dead	37	20	705	5153	19.00	257.00
1970-01-01 01:09:16	556	556	16		dead	36	20	687	5035	19.00	251.00
1970-01-01 01:09:17	557	557	16		dead	34	16	680	4382	20.00	273.00
1970-01-01 01:09:18	558	558	16		dead	42	22	752	5539	17.00	251.00
1970-01-01 01:09:19	559	559	16		dead	35	18	638	4303	18.00	239.00
1970-01-01 01:09:20	560	560	15		dead	43	19	792	1553	18.00	81.00
1970-01-01 01:09:21	561	561	15		dead	26	22	477	1833	18.00	83.00
1970-01-01 01:09:22	562	562	15		dead	32	21	600	1779	18.00	84.00
1970-01-01 01:09:23	563	563	15		dead	29	19	541	1538	18.00	80.00
1970-01-01 01:09:24	564	564	15		dead	35	19	643	1557	18.00	81.00
1970-01-01 01:09:25	565	565	15		dead	29	19	552	1592	19.00	83.00
1970-01-01 01:09:26	566	566	15		dead	31	19	559	1535	18.00	80.00
1970-01-01 01:09:27	567	567	15		dead	39	19	696	1602	17.00	84.00
1970-01-01 01:09:28	568	568	15		dead	40	18	791	4389	19.00	243.00
1970-01-01 01:09:29	569	569	15		dead	37	18	717	4712	19.00	261.00
1970-01-01 01:09:30	570	570	15		dead	36	18	679	5169	18.00	287.00
1970-01-01 01:09:31	571	571	15		dead	30	17	576	4402	19.00	258.00
1970-01-01 01:09:32	572	572	15		dead	41	18	785	4735	19.00	263.00
1970-01-01 01:09:33	573	573	14		dead	35	19	635	1441	18.00	75.00
1970-01-01 01:09:34	574	574	14		dead	29	19	535	1544	18.00	81.00
1970-01-01 01:09:35	575	575	13		dead	35	19	653	1432	18.00	75.00
1970-01-01 01:09:36	576	576	13		dead	39	19	729	1643	18.00	86.00
1970-01-01 01:09:37	577	577	13		dead	36	19	709	1549	19.00	81.00
1970-01-01 01:09:38	578	578	13		dead	26	19	507	1515	19.00	79.00
1970-01-01 01:09:39	579	579	13		dead	39	19	725	1440	18.00	75.00
1970-01-01 01:09:40	580	580	13		dead	24	19	454	1485	18.00	78.00
1970-01-01 01:09:41	581	581	13		dead	37	19	705	1605	19.00	84.00
1970-01-01 01:09:42	582	582	13		dead	36	19	696	1476	19.00	77.00
1970-01-01 01:09:43	583	583	13		dead	39	19	731	1613	18.00	84.00
1970-01-01 01:09:44	584	584	13		dead	30	19	579	1479	19.00	77.00
1970-01-01 01:09:45	585	585	13		dead	41	19	758	1785	18.00	93.00
1970-01-01 01:09:46	586	586	13		dead	33	19	587	1510	17.00	79.00
1970-01-01 01:09:47	587	587	13		dead	35	19	671	1543	19.00	81.00
1970-01-01 01:09:48	588	588	13		dead	45	19	875	1169	19.00	61.00
1970-01-01 01:09:49	589	589	13		dead	43	19	790	1611	18.00	84.00
1970-01-01 01:09:50	590	590	13		dead	40	19	761	1277	19.00	67.00
1970-01-01 01:09:51	591	591	12		dead	35	19	659	1641	18.00	86.00
1970-01-01 01:09:52	592	592	12		dead	27	19	488	1322	18.00	69.00
1970-01-01 01:09:53	593	593	12		dead	38	19	708	1198	18.00	63.00
1970-01-01 01:09:54	594	594	12		dead	37	19	679	1328	18.00	69.00
1970-01-01 01:09:55	595	595	12		dead	29	19	529	1481	18.00	77.00
1970-01-01 01:09:56	596	596	12		dead	37	19	680	1338	18.00	70.00
1970-01-01 01:09:57	597	597	12		dead	40	19	761	1528	19.00	80.00
1970-01-01 01:09:58	598	598	12		dead	35	19	681	1670	19.00	87.00
1970-01-01 01:09:59	599	599	12		dead	40	19	775	1257	19.00	66.00
1970-01-01 01:10:00	600	600	12		dead	30	19	570	1518	19.00	79.00
1970-01-01 01:10:01	601	601	12		dead	33	19	621	1586	18.00	83.00
1970-01-01 01:10:02	602	602	12		dead	39	19	695	1564	17.00	82.00
1970-01-01 01:10:03	603	603	12		dead	32	19	591	1639	18.00	86.00
1970-01-01 01:10:04	604	604	12		dead	38	19	721	1757	18.00	92.00
1970-01-01 01:10:05	605	605	12		dead	29	19	553	1441	19.00	75.00
1970-01-01 01:10:06	606	606	12		dead	36	19	700	1480	19.00	77.00
1970-01-01 01:10:07	607	607	12		dead	33	19	638	1502	19.00	79.00
1970-01-01 01:10:08	608	608	12		dead	27	19	504	1538	18.00	80.00
1970-01-01 01:10:09	609	609	12		dead	36	19	696	1506	19.00	79.00
1970-01-01 01:10:10	610	610	12		dead	35	19	664	1703	18.00	89.00
1970-01-01 01:10:11	611	611	12		dead	35	19	666	1926	19.00	101.00
1970-01-01 01:10:12	612	612	12		dead	30	19	558	1580	18.00	83.00
1970-01-01 01:10:13	613	613	12		dead	36	19	684	1655	19.00	87.00
1970-01-01 01:10:14	614	614	12		dead	40	19	764	1641	19.00	86.00
1970-01-01 01:10:15	615	615	12		dead	38	19	740	1423	19.00	74.00
1970-01-01 01:10:16	616	616	12		dead	30	19	528	1695	17.00	89.00
1970-01-01 01:10:17	617	617	12		dead	31	19	594	1913	19.00	100.00
1970-01-01 01:10:18	618	618	12		dead	30	19	553	1715	18.00	90.00
1970-01-01 01:10:19	619	619	12		dead	35	19	634	1508	18.00	79.00
1970-01-01 01:10:20	620	620	12		dead	30	19	582	1513	19.00	79.00
1970-01-01 01:10:21	621	621	12		dead	42	19	800	1684	19.00	88.00
1970-01-01 01:10:22	622	622	12		dead	40	19	771	1332	19.00	70.00
1970-01-01 01:10:23	623	623	12		dead	29	19	546	1511	18.00	79.00
1970-01-01 01:10:24	624	624	12		dead	35	19	650	1445	18.00	76.00
1970-01-01 01:10:25	625	625	12		dead	31	18	579	1439	18.00	79.00
1970-01-01 01:10:26	626	626	12		dead	27	18	485	1293	17.00	71.00
1970-01-01 01:10:27	627	627	12		dead	39	19	709	1487	18.00	78.00
1970-01-01 01:10:28	628	628	12		dead	40	19	762	1484	19.00	78.00
1970-01-01 01:10:29	629	629	12		dead	31	19	592	1698	19.00	89.00
1970-01-01 01:10:30	630	630	12		dead	28	19	533	1425	19.00	75.00
1970-01-01 01:10:31	631	631	12		dead	32	19	601	1389	18.00	73.00
1970-01-01 01:10:32	632	632	12		dead	33	19	655	5289	19.00	278.00
1970-01-01 01:10:33	633	633	12		dead	35	19	665	5617	19.00	295.00
1970-01-01 01:10:34	634	634	12		dead	36	21	675	5455	18.00	259.00
1970-01-01 01:10:35	635	635	12		dead	39	21	714	5701	18.00	271.00
1970-01-01 01:10:36	636	636	12		dead	35	22	647	6237	18.00	283.00
1970-01-01 01:10:37	637	637	12		dead	33	19	604	5193	18.00	273.00
1970-01-01 01:10:38	638	638	11		dead	35	19	674	1681	19.00	88.00
1970-01-01 01:10:39	639	639	11		dead	34	19	667	1683	19.00	88.00
1970-01-01 01:10:40	640	640	11		dead	42	17	764	4444	18.00	261.00
1970-01-01 01:10:41	641	641	11		dead	33	18	603	4914	18.00	273.00
1970-01-01 01:10:42	642	642	11		dead	34	20	633	5510	18.00	275.00
1970-01-01 01:10:43	643	643	11		dead	30	19	563	4804	18.00	252.00
1970-01-01 01:10:44	644	644	11		dead	39	16	728	4320	18.00	270.00
1970-01-01 01:10:45	645	645	10		dead	35	18	677	1064	19.00	59.00
1970-01-01 01:10:46	646	646	10		dead	34	19	644	1427	18.00	75.00
1970-01-01 01:10:47	647	647	10		dead	35	20	649	1863	18.00	93.00
1970-01-01 01:10:48	648	648	10		dead	32	19	614	1588	19.00	83.00
1970-01-01 01:10:49	649	649	10		dead	31	19	582	1618	18.00	85.00
1970-01-01 01:10:50	650	650	10		dead	33	19	640	1548	19.00	81.00
1970-01-01 01:10:51	651	651	10		dead	42	19	773	1597	18.00	84.00
1970-01-01 01:10:52	652	652	10		dead	37	19	724	1534	19.00	80.00
1970-01-01 01:10:53	653	653	10		dead	32	19	604	1441	18.00	75.00
1970-01-01 01:10:54	654	654	10		dead	40	19	772	1572	19.00	82.00
1970-01-01 01:10:55	655	655	10		dead	29	19	560	1603	19.00	84.00
1970-01-01 01:10:56	656	656	10		dead	34	19	651	1241	19.00	65.00
1970-01-01 01:10:57	657	657	10		dead	34	19	635	1651	18.00	86.00
1970-01-01 01:10:58	658	658	10		dead	46	19	870	1598	18.00	84.00
1970-01-01 01:10:59	659	659	10		dead	39	19	731	1612	18.00	84.00
1970-01-01 01:11:00	660	660	10		dead	36	19	713	1896	19.00	99.00
1970-01-01 01:11:01	661	661	10		dead	30	19	582	1558	19.00	82.00
1970-01-01 01:11:02	662	662	10		dead	40	19	752	1752	18.00	92.00
1970-01-01 01:11:03	663	663	10		dead	34	19	661	1646	19.00	86.00
1970-01-01 01:11:04	664	664	10		dead	31	19	594	1497	19.00	78.00
1970-01-01 01:11:05	665	665	10		dead	32	19	595	1613	18.00	84.00
1970-01-01 01:11:06	666	666	10		dead	37	19	696	1414	18.00	74.00
1970-01-01 01:11:07	667	667	10		dead	31	19	606	1392	19.00	73.00
1970-01-01 01:11:08	668	668	10		dead	37	18	678	1538	18.00	85.00
1970-01-01 01:11:09	669	669	10		dead	31	20	586	1715	18.00	85.00
1970-01-01 01:11:10	670	670	10		dead	26	19	495	1526	19.00	80.00
1970-01-01 01:11:11	671	671	10		dead	39	19	727	1336	18.00	70.00
1970-01-01 01:11:12	672	672	10		dead	42	19	800	1603	19.00	84.00
1970-01-01 01:11:13	673	673	10		dead	37	24	671	2136	18.00	89.00
1970-01-01 01:11:14	674	674	10		dead	31	19	573	1376	18.00	72.00
1970-01-01 01:11:15	675	675	10		dead	43	17	801	1628	18.00	95.00
1970-01-01 01:11:16	676	676	10		dead	33	19	633	1378	19.00	72.00
1970-01-01 01:11:17	677	677	10		dead	34	19	639	1623	18.00	85.00
1970-01-01 01:11:18	678	678	9		dead	45	19	850	1822	18.00	95.00
1970-01-01 01:11:19	679	679	9		dead	38	19	703	1492	18.00	78.00
1970-01-01 01:11:20	680	680	9		dead	38	19	704	1325	18.00	69.00
1970-01-01 01:11:21	681	681	9		dead	39	19	737	1537	18.00	80.00
1970-01-01 01:11:22	682	682	9		dead	36	19	665	1644	18.00	86.00
1970-01-01 01:11:23	683	683	8		dead	39	19	735	1366	18.00	71.00
1970-01-01 01:11:24	684	684	8		dead	33	19	611	1602	18.00	84.00
1970-01-01 01:11:25	685	685	8		dead	32	19	596	1652	18.00	86.00
1970-01-01 01:11:26	686	686	8		dead	33	19	601	1737	18.00	91.00
1970-01-01 01:11:27	687	687	8		dead	36	19	652	1428	18.00	75.00
1970-01-01 01:11:28	688	688	8		dead	34	19	660	1744	19.00	91.00
1970-01-01 01:11:29	689	689	8		dead	38	19	723	1496	19.00	78.00
1970-01-01 01:11:30	690	690	8		dead	26	19	475	1656	18.00	87.00
1970-01-01 01:11:31	691	691	8		dead	33	19	612	1412	18.00	74.00
1970-01-01 01:11:32	692	692	8		dead	37	19	692	1485	18.00	78.00
1970-01-01 01:11:33	693	693	8		dead	36	20	656	1670	18.00	83.00
1970-01-01 01:11:34	694	694	8		dead	36	22	702	1604	19.00	72.00
1970-01-01 01:11:35	695	695	8		dead	33	22	633	1670	19.00	75.00
1970-01-01 01:11:36	696	696	8		dead	27	19	518	1609	19.00	84.00
1970-01-01 01:11:37	697	697	8		dead	26	19	497	1446	19.00	76.00
1970-01-01 01:11:38	698	698	8		dead	24	19	464	1547	19.00	81.00
1970-01-01 01:11:39	699	699	8		dead	40	19	740	1339	18.00	70.00
1970-01-01 01:11:40	700	700	8		dead	38	19	713	1544	18.00	81.00
1970-01-01 01:11:41	701	701	8		dead	34	19	636	1772	18.00	93.00
1970-01-01 01:11:42	702	702	8		dead	30	21	579	1598	19.00	76.00
1970-01-01 01:11:43	703	703	8		dead	31	19	574	1507	18.00	79.00
1970-01-01 01:11:44	704	704	8		dead	29	20	543	1712	18.00	85.00
1970-01-01 01:11:45	705	705	8		dead	40	19	746	1268	18.00	66.00
1970-01-01 01:11:46	706	706	8		dead	36	19	665	1827	18.00	96.00
1970-01-01 01:11:47	707	707	8		dead	41	19	792	1715	19.00	90.00
1970-01-01 01:11:48	708	708	8		dead	37	19	724	1454	19.00	76.00
1970-01-01 01:11:49	709	709	8		dead	30	19	591	1475	19.00	77.00
1970-01-01 01:11:50	710	710	8		dead	31	19	578	1544	18.00	81.00
1970-01-01 01:11:51	711	711	8		dead	30	18	576	1427	19.00	79.00
1970-01-01 01:11:52	712	712	8		dead	36	18	653	1443	18.00	80.00
1970-01-01 01:11:53	713	713	8		dead	36	20	675	1527	18.00	76.00
1970-01-01 01:11:54	714	714	8		dead	35	19	656	1398	18.00	73.00
1970-01-01 01:11:55	715	715	8		dead	36	19	648	1637	18.00	86.00
1970-01-01 01:11:56	716	716	8		dead	40	19	767	1479	19.00	77.00
1970-01-01 01:11:57	717	717	8		dead	31	19	597	1413	19.00	74.00
1970-01-01 01:11:58	718	718	8		dead	33	19	593	1646	17.00	86.00
1970-01-01 01:11:59	719	719	8		dead	28	19	511	1339	18.00	70.00
1970-01-01 01:12:00	720	720	7		dead	34	19	645	1464	18.00	77.00
1970-01-01 01:12:01	721	721	7		dead	34	19	624	1527	18.00	80.00
1970-01-01 01:12:02	722	722	7		dead	32	19	608	1776	19.00	93.00
1970-01-01 01:12:03	723	723	7		dead	33	19	589	1181	17.00	62.00
1970-01-01 01:12:04	724	724	7		dead	39	22	757	1711	19.00	77.00
1970-01-01 01:12:05	725	725	7		dead	31	20	609	1577	19.00	78.00
1970-01-01 01:12:06	726	726	7		dead	34	18	634	1643	18.00	91.00
1970-01-01 01:12:07	727	727	7		dead	39	19	728	1679	18.00	88.00
1970-01-01 01:12:08	728	728	7		dead	44	19	838	1397	19.00	73.00
1970-01-01 01:12:09	729	729	7		dead	35	19	676	1708	19.00	89.00
1970-01-01 01:12:10	730	730	7		dead	34	19	632	1685	18.00	88.00
1970-01-01 01:12:11	731	731	6		dead	37	21	719	1787	19.00	85.00
1970-01-01 01:12:12	732	732	6		dead	36	19	684	4904	19.00	258.00
1970-01-01 01:12:13	733	733	6		dead	36	19	700	5392	19.00	283.00
1970-01-01 01:12:14	734	734	6		dead	38	19	698	4881	18.00	256.00
1970-01-01 01:12:15	735	735	6		dead	38	21	736	5347	19.00	254.00
1970-01-01 01:12:16	736	736	6		dead	36	17	670	4317	18.00	253.00
1970-01-01 01:12:17	737	737	5		dead	38	19	723	1494	19.00	78.00
1970-01-01 01:12:18	738	738	5		dead	32	19	603	1670	18.00	87.00
1970-01-01 01:12:19	739	739	5		dead	38	19	723	1396	19.00	73.00
1970-01-01 01:12:20	740	740	5		dead	32	19	628	1449	19.00	76.00
1970-01-01 01:12:21	741	741	5		dead	39	19	705	1842	18.00	96.00
1970-01-01 01:12:22	742	742	5		dead	28	19	508	1420	18.00	74.00
1970-01-01 01:12:23	743	743	5		dead	24	19	447	1514	18.00	79.00
1970-01-01 01:12:24	744	744	5		dead	37	19	696	1674	18.00	88.00
1970-01-01 01:12:25	745	745	5		dead	37	19	742	1718	20.00	90.00
1970-01-01 01:12:26	746	746	5		dead	42	19	824	1442	19.00	75.00
1970-01-01 01:12:27	747	747	5		dead	43	19	808	1478	18.00	77.00
1970-01-01 01:12:28	748	748	5		dead	29	19	557	1745	19.00	91.00
1970-01-01 01:12:29	749	749	5		dead	38	19	723	1475	19.00	77.00
1970-01-01 01:12:30	750	750	5		dead	35	19	649	1263	18.00	66.00
1970-01-01 01:12:31	751	751	5		dead	28	19	550	1431	19.00	75.00
1970-01-01 01:12:32	752	752	5		dead	36	19	662	1539	18.00	81.00
1970-01-01 01:12:33	753	753	5		dead	41	19	757	1396	18.00	73.00
1970-01-01 01:12:34	754	754	5		dead	35	19	643	1641	18.00	86.00
1970-01-01 01:12:35	755	755	5		dead	27	19	511	1989	18.00	104.00
1970-01-01 01:12:36	756	756	5		dead	38	19	697	1537	18.00	80.00
1970-01-01 01:12:37	757	757	5		dead	36	19	669	1486	18.00	78.00
1970-01-01 01:12:38	758	758	5		dead	27	19	488	1594	18.00	83.00
1970-01-01 01:12:39	759	759	5		dead	33	19	641	2018	19.00	106.00
1970-01-01 01:12:40	760	760	5		dead	36	19	660	1502	18.00	79.00
1970-01-01 01:12:41	761	761	5		dead	33	19	627	1279	19.00	67.00
1970-01-01 01:12:42	762	762	5		dead	33	19	609	1421	18.00	74.00
1970-01-01 01:12:43	763	763	5		dead	31	19	616	1354	19.00	71.00
1970-01-01 01:12:44	764	764	5		dead	32	19	607	1665	18.00	87.00
1970-01-01 01:12:45	765	765	5		dead	30	19	571	1605	19.00	84.00
1970-01-01 01:12:46	766	766	5		dead	41	19	772	1560	18.00	82.00
1970-01-01 01:12:47	767	767	5		dead	53	19	995	1550	18.00	81.00
1970-01-01 01:12:48	768	768	5		dead	30	19	563	1281	18.00	67.00
1970-01-01 01:12:49	769	769	5		dead	34	19	636	1638	18.00	86.00
1970-01-01 01:12:50	770	770	5		dead	41	20	801	1701	19.00	85.00
1970-01-01 01:12:51	771	771	5		dead	31	21	608	1572	19.00	74.00
1970-01-01 01:12:52	772	772	5		dead	33	17	612	1334	18.00	78.00
1970-01-01 01:12:53	773	773	5		dead	35	19	638	1122	18.00	59.00
1970-01-01 01:12:54	774	774	5		dead	36	19	666	1699	18.00	89.00
1970-01-01 01:12:55	775	775	5		dead	39	19	730	1442	18.00	75.00
1970-01-01 01:12:56	776	776	5		dead	31	19	575	1662	18.00	87.00
1970-01-01 01:12:57	777	777	5		dead	38	19	701	1487	18.00	78.00
1970-01-01 01:12:58	778	778	5		dead	40	19	753	1544	18.00	81.00
1970-01-01 01:12:59	779	779	5		dead	35	19	649	1714	18.00	90.00
1970-01-01 01:13:00	780	780	5		dead	43	19	817	1815	19.00	95.00
1970-01-01 01:13:01	781	781	5		dead	34	19	649	1701	19.00	89.00
1970-01-01 01:13:02	782	782	5		dead	39	19	715	1798	18.00	94.00
1970-01-01 01:13:03	783	783	5		dead	33	19	642	1686	19.00	88.00
1970-01-01 01:13:04	784	784	5		dead	34	19	605	1588	17.00	83.00
1970-01-01 01:13:05	785	785	5		dead	34	19	625	1611	18.00	84.00
1970-01-01 01:13:06	786	786	5		dead	37	19	699	1373	18.00	72.00
1970-01-01 01:13:07	787	787	5		dead	32	19	604	1610	18.00	84.00
1970-01-01 01:13:08	788	788	5		dead	35	19	676	1408	19.00	74.00
1970-01-01 01:13:09	789	789	5		dead	33	19	654	1674	19.00	88.00
1970-01-01 01:13:10	790	790	5		dead	37	19	705	1275	19.00	67.00
1970-01-01 01:13:11	791	791	5		dead	34	19	649	1621	19.00	85.00
1970-01-01 01:13:12	792	792	5		dead	36	19	709	1459	19.00	76.00
1970-01-01 01:13:13	793	793	5		dead	36	19	675	1494	18.00	78.00
1970-01-01 01:13:14	794	794	5		dead	34	18	642	1440	18.00	80.00
1970-01-01 01:13:15	795	795	5		dead	36	20	689	1369	19.00	68.00
1970-01-01 01:13:16	796	796	5		dead	35	19	685	1599	19.00	84.00
1970-01-01 01:13:17	797	797	5		dead	27	19	518	1742	19.00	91.00
1970-01-01 01:13:18	798	798	5		dead	36	19	669	1449	18.00	76.00
1970-01-01 01:13:19	799	799	5		dead	25	19	475	1666	19.00	87.00
1970-01-01 01:13:20	800	800	5		dead	38	19	695	1092	18.00	57.00
1970-01-01 01:13:21	801	801	5		dead	34	19	631	1239	18.00	65.00
1970-01-01 01:13:22	802	802	5		dead	38	19	693	1544	18.00	81.00
1970-01-01 01:13:23	803	803	5		dead	38	19	706	1481	18.00	77.00
1970-01-01 01:13:24	804	804	5		dead	38	19	705	1565	18.00	82.00
1970-01-01 01:13:25	805	805	5		dead	42	17	802	1412	19.00	83.00
1970-01-01 01:13:26	806	806	5		dead	39	17	740	1526	18.00	89.00
1970-01-01 01:13:27	807	807	5		dead	35	19	670	1625	19.00	85.00
1970-01-01 01:13:28	808	808	5		dead	34	19	659	1461	19.00	76.00
1970-01-01 01:13:29	809	809	5		dead	32	19	597	1573	18.00	82.00
1970-01-01 01:13:30	810	810	5		dead	41	19	801	1469	19.00	77.00
1970-01-01 01:13:31	811	811	5		dead	37	19	698	1389	18.00	73.00
1970-01-01 01:13:32	812	812	5		dead	37	19	694	1607	18.00	84.00
1970-01-01 01:13:33	813	813	5		dead	37	19	694	1389	18.00	73.00
1970-01-01 01:13:34	814	814	5		dead	41	19	777	1702	18.00	89.00
1970-01-01 01:13:35	815	815	5		dead	34	19	644	1596	18.00	84.00
1970-01-01 01:13:36	816	816	5		dead	33	19	603	1811	18.00	95.00
1970-01-01 01:13:37	817	817	5		dead	32	21	607	1761	18.00	83.00
1970-01-01 01:13:38	818	818	5		dead	32	20	609	1498	19.00	74.00
1970-01-01 01:13:39	819	819	5		dead	45	19	865	1618	19.00	85.00
1970-01-01 01:13:40	820	820	5		dead	33	19	623	1574	18.00	82.00
1970-01-01 01:13:41	821	821	5		dead	32	19	621	1434	19.00	75.00
1970-01-01 01:13:42	822	822	5		dead	33	19	620	1505	18.00	79.00
1970-01-01 01:13:43	823	823	5		dead	38	19	713	1575	18.00	82.00
1970-01-01 01:13:44	824	824	5		dead	34	18	649	1487	19.00	82.00
1970-01-01 01:13:45	825	825	5		dead	34	19	620	1630	18.00	85.00
1970-01-01 01:13:46	826	826	5		dead	42	18	814	1458	19.00	81.00
1970-01-01 01:13:47	827	827	5		dead	32	19	599	1447	18.00	76.00
1970-01-01 01:13:48	828	828	5		dead	36	19	684	1671	19.00	87.00
1970-01-01 01:13:49	829	829	5		dead	30	19	565	1528	18.00	80.00
1970-01-01 01:13:50	830	830	5		dead	33	19	627	1534	19.00	80.00
1970-01-01 01:13:51	831	831	5		dead	41	19	767	1728	18.00	90.00
1970-01-01 01:13:52	832	832	5		dead	33	19	581	1708	17.00	89.00
1970-01-01 01:13:53	833	833	5		dead	35	19	678	1591	19.00	83.00
1970-01-01 01:13:54	834	834	5		dead	34	19	617	1486	18.00	78.00
1970-01-01 01:13:55	835	835	5		dead	31	19	586	1788	18.00	94.00
1970-01-01 01:13:56	836	836	5		dead	38	19	728	1475	19.00	77.00
1970-01-01 01:13:57	837	837	5		dead	29	19	548	1561	18.00	82.00
1970-01-01 01:13:58	838	838	5		dead	43	19	811	1391	18.00	73.00
1970-01-01 01:13:59	839	839	5		dead	39	19	730	1727	18.00	90.00
1970-01-01 01:14:00	840	840	5		dead	33	21	636	5559	19.00	264.00
1970-01-01 01:14:01	841	841	5		dead	36	20	663	5696	18.00	284.00
1970-01-01 01:14:02	842	842	5		dead	42	19	794	5146	18.00	270.00
1970-01-01 01:14:03	843	843	4		dead	35	19	663	4977	18.00	261.00
1970-01-01 01:14:04	844	844	4		dead	27	17	511	4409	18.00	259.00
1970-01-01 01:14:05	845	845	3		dead	32	21	613	1779	19.00	84.00
1970-01-01 01:14:06	846	846	3		dead	40	22	748	1539	18.00	69.00
1970-01-01 01:14:07	847	847	3		dead	41	15	768	1204	18.00	80.00
1970-01-01 01:14:08	848	848	3		dead	37	19	687	1676	18.00	88.00
1970-01-01 01:14:09	849	849	3		dead	34	19	634	1531	18.00	80.00
1970-01-01 01:14:10	850	850	3		dead	41	19	769	1701	18.00	89.00
1970-01-01 01:14:11	851	851	3		dead	38	19	729	1339	19.00	70.00
1970-01-01 01:14:12	852	852	3		dead	36	19	689	1345	19.00	70.00
1970-01-01 01:14:13	853	853	3		dead	40	19	763	1518	19.00	79.00
1970-01-01 01:14:14	854	854	3		dead	32	19	564	1474	17.00	77.00
1970-01-01 01:14:15	855	855	3		dead	30	19	532	1442	17.00	75.00
1970-01-01 01:14:16	856	856	3		dead	38	19	740	1498	19.00	78.00
1970-01-01 01:14:17	857	857	3		dead	42	19	810	1293	19.00	68.00
1970-01-01 01:14:18	858	858	3		dead	32	19	594	1310	18.00	68.00
1970-01-01 01:14:19	859	859	3		dead	34	19	664	1727	19.00	90.00
1970-01-01 01:14:20	860	860	3		dead	36	19	702	1759	19.00	92.00
1970-01-01 01:14:21	861	861	3		dead	38	19	721	1938	18.00	102.00
1970-01-01 01:14:22	862	862	3		dead	36	19	677	1610	18.00	84.00
1970-01-01 01:14:23	863	863	3		dead	32	19	606	1781	18.00	93.00
1970-01-01 01:14:24	864	864	3		dead	35	19	640	1541	18.00	81.00
1970-01-01 01:14:25	865	865	3		dead	36	19	646	1706	17.00	89.00
1970-01-01 01:14:26	866	866	3		dead	42	19	818	1623	19.00	85.00
1970-01-01 01:14:27	867	867	3		dead	38	19	728	1442	19.00	75.00
1970-01-01 01:14:28	868	868	3		dead	31	19	574	1552	18.00	81.00
1970-01-01 01:14:29	869	869	3		dead	35	19	664	1813	18.00	95.00
1970-01-01 01:14:30	870	870	3		dead	30	19	570	1620	19.00	85.00
1970-01-01 01:14:31	871	871	3		dead	34	19	665	1561	19.00	82.00
1970-01-01 01:14:32	872	872	3		dead	30	19	579	1681	19.00	88.00
1970-01-01 01:14:33	873	873	3		dead	40	19	726	1328	18.00	69.00
1970-01-01 01:14:34	874	874	3		dead	34	19	651	1496	19.00	78.00
1970-01-01 01:14:35	875	875	3		dead	37	19	660	1107	17.00	58.00
1970-01-01 01:14:36	876	876	3		dead	39	19	779	1421	19.00	74.00
1970-01-01 01:14:37	877	877	3		dead	34	19	634	1558	18.00	82.00
1970-01-01 01:14:38	878	878	3		dead	31	19	591	1554	19.00	81.00
1970-01-01 01:14:39	879	879	3		dead	35	19	649	1701	18.00	89.00
1970-01-01 01:14:40	880	880	3		dead	39	19	725	1741	18.00	91.00
1970-01-01 01:14:41	881	881	3		dead	32	19	594	1624	18.00	85.00
1970-01-01 01:14:42	882	882	3		dead	35	19	657	1717	18.00	90.00
1970-01-01 01:14:43	883	883	3		dead	38	19	686	1223	18.00	64.00
1970-01-01 01:14:44	884	884	3		dead	33	19	612	1489	18.00	78.00
1970-01-01 01:14:45	885	885	3		dead	28	19	540	1544	19.00	81.00
1970-01-01 01:14:46	886	886	3		dead	29	19	564	1628	19.00	85.00
1970-01-01 01:14:47	887	887	3		dead	37	19	720	1603	19.00	84.00
1970-01-01 01:14:48	888	888	3		dead	41	19	758	1645	18.00	86.00
1970-01-01 01:14:49	889	889	3		dead	43	19	810	1455	18.00	76.00
1970-01-01 01:14:50	890	890	3		dead	37	19	716	1406	19.00	74.00
1970-01-01 01:14:51	891	891	3		dead	37	19	712	1528	19.00	80.00
1970-01-01 01:14:52	892	892	3		dead	34	19	638	1344	18.00	70.00
1970-01-01 01:14:53	893	893	3		dead	40	19	784	1459	19.00	76.00
1970-01-01 01:14:54	894	894	3		dead	36	19	688	1416	19.00	74.00
1970-01-01 01:14:55	895	895	3		dead	35	22	656	1754	18.00	79.00
1970-01-01 01:14:56	896	896	3		dead	37	19	685	1457	18.00	76.00
1970-01-01 01:14:57	897	897	3		dead	40	19	775	1685	19.00	88.00
1970-01-01 01:14:58	898	898	3		dead	40	19	749	1631	18.00	85.00
1970-01-01 01:14:59	899	899	3		dead	31	19	583	1706	18.00	89.00
1970-01-01 01:15:00	900	900	3		dead	30	19	581	1432	19.00	75.00
1970-01-01 01:15:01	901	901	3		dead	34	19	662	1520	19.00	80.00
1970-01-01 01:15:02	902	902	3		dead	41	19	797	1440	19.00	75.00
1970-01-01 01:15:03	903	903	3		dead	35	19	643	1536	18.00	80.00
1970-01-01 01:15:04	904	904	3		dead	35	19	671	1644	19.00	86.00
1970-01-01 01:15:05	905	905	3		dead	42	19	820	1486	19.00	78.00
1970-01-01 01:15:06	906	906	3		dead	39	19	733	1559	18.00	82.00
1970-01-01 01:15:07	907	907	3		dead	34	19	656	1477	19.00	77.00
1970-01-01 01:15:08	908	908	3		dead	43	19	771	1514	17.00	79.00
1970-01-01 01:15:09	909	909	3		dead	37	19	678	1434	18.00	75.00
1970-01-01 01:15:10	910	910	3		dead	35	19	644	1581	18.00	83.00
1970-01-01 01:15:11	911	911	3		dead	30	19	579	1581	19.00	83.00
1970-01-01 01:15:12	912	912	3		dead	38	19	702	1577	18.00	83.00
1970-01-01 01:15:13	913	913	3		dead	34	19	630	1701	18.00	89.00
1970-01-01 01:15:14	914	914	3		dead	41	17	767	1375	18.00	80.00
1970-01-01 01:15:15	915	915	3		dead	33	19	614	1335	18.00	70.00
1970-01-01 01:15:16	916	916	3		dead	32	19	599	1619	18.00	85.00
1970-01-01 01:15:17	917	917	3		dead	35	19	668	1621	19.00	85.00
1970-01-01 01:15:18	918	918	3		dead	37	19	690	1493	18.00	78.00
1970-01-01 01:15:19	919	919	3		dead	34	19	654	1491	19.00	78.00
1970-01-01 01:15:20	920	920	3		dead	37	19	688	1497	18.00	78.00
1970-01-01 01:15:21	921	921	3		dead	40	19	776	1626	19.00	85.00
1970-01-01 01:15:22	922	922	3		dead	34	19	624	1335	18.00	70.00
1970-01-01 01:15:23	923	923	3		dead	32	19	622	1568	19.00	82.00
1970-01-01 01:15:24	924	924	3		dead	29	19	539	1525	18.00	80.00
1970-01-01 01:15:25	925	925	3		dead	36	19	697	1356	19.00	71.00
1970-01-01 01:15:26	926	926	3		dead	36	19	689	1498	19.00	78.00
1970-01-01 01:15:27	927	927	3		dead	35	20	668	1787	19.00	89.00
1970-01-01 01:15:28	928	928	3		dead	42	20	766	1747	18.00	87.00
1970-01-01 01:15:29	929	929	3		dead	40	23	747	1889	18.00	82.00
1970-01-01 01:15:30	930	930	3		dead	36	19	685	1543	19.00	81.00
1970-01-01 01:15:31	931	931	3		dead	41	19	765	1411	18.00	74.00
1970-01-01 01:15:32	932	932	3		dead	45	19	844	1617	18.00	85.00
1970-01-01 01:15:33	933	933	3		dead	43	19	815	1558	18.00	82.00
1970-01-01 01:15:34	934	934	3		dead	34	19	622	1571	18.00	82.00
1970-01-01 01:15:35	935	935	3		dead	32	18	594	1258	18.00	69.00
1970-01-01 01:15:36	936	936	3		dead	37	17	667	1393	18.00	81.00
1970-01-01 01:15:37	937	937	3		dead	32	19	605	1778	18.00	93.00
1970-01-01 01:15:38	938	938	3		dead	38	19	713	1630	18.00	85.00
1970-01-01 01:15:39	939	939	3		dead	42	19	776	1520	18.00	80.00
1970-01-01 01:15:40	940	940	3		dead	41	19	770	1452	18.00	76.00
1970-01-01 01:15:41	941	941	3		dead	43	19	817	1864	19.00	98.00
1970-01-01 01:15:42	942	942	3		dead	33	19	621	1375	18.00	72.00
1970-01-01 01:15:43	943	943	3		dead	38	19	713	1458	18.00	76.00
1970-01-01 01:15:44	944	944	3		dead	34	19	674	1674	19.00	88.00
1970-01-01 01:15:45	945	945	3		dead	40	19	762	1331	19.00	70.00
1970-01-01 01:15:46	946	946	3		dead	25	19	474	1639	18.00	86.00
1970-01-01 01:15:47	947	947	3		dead	33	19	618	1484	18.00	78.00
1970-01-01 01:15:48	948	948	3		dead	38	19	701	1488	18.00	78.00
1970-01-01 01:15:49	949	949	3		dead	33	19	616	1482	18.00	78.00
1970-01-01 01:15:50	950	950	3		dead	39	19	708	1664	18.00	87.00
1970-01-01 01:15:51	951	951	3		dead	34	19	624	1203	18.00	63.00
1970-01-01 01:15:52	952	952	3		dead	33	19	634	1280	19.00	67.00
1970-01-01 01:15:53	953	953	3		dead	40	19	708	1467	17.00	77.00
1970-01-01 01:15:54	954	954	3		dead	41	19	776	1733	18.00	91.00
1970-01-01 01:15:55	955	955	3		dead	37	19	719	1665	19.00	87.00
1970-01-01 01:15:56	956	956	3		dead	36	19	676	1267	18.00	66.00
1970-01-01 01:15:57	957	957	3		dead	38	19	724	1618	19.00	85.00
1970-01-01 01:15:58	958	958	3		dead	44	19	855	1622	19.00	85.00
1970-01-01 01:15:59	959	959	3		dead	27	19	522	1403	19.00	73.00
1970-01-01 01:16:00	960	960	3		dead	38	23	748	2066	19.00	89.00
1970-01-01 01:16:01	961	961	3		dead	36	19	684	1509	19.00	79.00
1970-01-01 01:16:02	962	962	3		dead	33	19	634	1687	19.00	88.00
1970-01-01 01:16:03	963	963	3		dead	35	19	628	1407	17.00	74.00
1970-01-01 01:16:04	964	964	3		dead	42	19	806	1624	19.00	85.00
1970-01-01 01:16:05	965	965	3		dead	37	19	686	1440	18.00	75.00
1970-01-01 01:16:06	966	966	3		dead	34	19	670	1356	19.00	71.00
1970-01-01 01:16:07	967	967	3		dead	37	19	712	1517	19.00	79.00
1970-01-01 01:16:08	968	968	3		dead	41	15	766	1110	18.00	74.00
1970-01-01 01:16:09	969	969	3		dead	40	19	740	1241	18.00	65.00
1970-01-01 01:16:10	970	970	3		dead	36	19	675	1278	18.00	67.00
1970-01-01 01:16:11	971	971	3		dead	46	19	860	1543	18.00	81.00
1970-01-01 01:16:12	972	972	3		dead	34	19	637	1544	18.00	81.00
1970-01-01 01:16:13	973	973	3		dead	36	19	680	1448	18.00	76.00
1970-01-01 01:16:14	974	974	3		dead	30	19	583	1403	19.00	73.00
1970-01-01 01:16:15	975	975	3		dead	32	19	627	1317	19.00	69.00
1970-01-01 01:16:16	976	976	3		dead	36	19	703	1668	19.00	87.00
1970-01-01 01:16:17	977	977	3		dead	28	19	523	1505	18.00	79.00
1970-01-01 01:16:18	978	978	3		dead	36	19	695	1791	19.00	94.00
1970-01-01 01:16:19	979	979	3		dead	45	19	820	1594	18.00	83.00
1970-01-01 01:16:20	980	980	3		dead	35	19	667	1735	19.00	91.00
1970-01-01 01:16:21	981	981	3		dead	30	19	561	1530	18.00	80.00
1970-01-01 01:16:22	982	982	3		dead	37	19	690	1475	18.00	77.00
1970-01-01 01:16:23	983	983	3		dead	40	18	760	1555	19.00	86.00
1970-01-01 01:16:24	984	984	3		dead	32	21	580	1873	18.00	89.00
1970-01-01 01:16:25	985	985	3		dead	31	19	586	1379	18.00	72.00
1970-01-01 01:16:26	986	986	3		dead	33	19	628	1364	19.00	71.00
1970-01-01 01:16:27	987	987	3		dead	35	19	649	1685	18.00	88.00
1970-01-01 01:16:28	988	988	3		dead	37	19	690	1348	18.00	70.00
1970-01-01 01:16:29	989	989	3		dead	38	19	733	1676	19.00	88.00
1970-01-01 01:16:30	990	990	3		dead	34	19	640	1367	18.00	71.00
1970-01-01 01:16:31	991	991	3		dead	31	19	617	1728	19.00	90.00
1970-01-01 01:16:32	992	992	3		dead	25	19	492	1524	19.00	80.00
1970-01-01 01:16:33	993	993	3		dead	39	19	747	1526	19.00	80.00
1970-01-01 01:16:34	994	994	3		dead	46	19	877	1742	19.00	91.00
1970-01-01 01:16:35	995	995	3		dead	44	19	824	1510	18.00	79.00
1970-01-01 01:16:36	996	996	3		dead	35	19	673	1376	19.00	72.00
1970-01-01 01:16:37	997	997	3		dead	36	19	685	1421	19.00	74.00
1970-01-01 01:16:38	998	998	3		dead	42	19	800	1627	19.00	85.00
1970-01-01 01:16:39	999	999	3		dead	35	19	679	1527	19.00	80.00
1970-01-01 01:16:40	1000	1000	3		dead	49	19	884	1590	18.00	83.00
1970-01-01 01:16:41	1001	1001	3		dead	37	19	698	1715	18.00	90.00
1970-01-01 01:16:42	1002	1002	3		dead	37	19	668	1671	18.00	87.00
1970-01-01 01:16:43	1003	1003	3		dead	38	19	716	1512	18.00	79.00
1970-01-01 01:16:44	1004	1004	3		dead	38	19	687	1341	18.00	70.00
1970-01-01 01:16:45	1005	1005	3		dead	33	21	615	1663	18.00	79.00
1970-01-01 01:16:46	1006	1006	3		dead	35	19	666	1707	19.00	89.00
1970-01-01 01:16:47	1007	1007	3		dead	41	19	788	1466	19.00	77.00
1970-01-01 01:16:48	1008	1008	3		dead	40	19	758	1399	18.00	73.00
1970-01-01 01:16:49	1009	1009	3		dead	33	18	612	1581	18.00	87.00
1970-01-01 01:16:50	1010	1010	3		dead	30	18	548	1324	18.00	73.00
1970-01-01 01:16:51	1011	1011	3		dead	34	17	621	1420	18.00	83.00
1970-01-01 01:16:52	1012	1012	3		dead	32	19	615	1431	19.00	75.00
1970-01-01 01:16:53	1013	1013	3		dead	47	19	885	1446	18.00	76.00
1970-01-01 01:16:54	1014	1014	3		dead	35	19	682	1369	19.00	72.00
1970-01-01 01:16:55	1015	1015	3		dead	38	19	721	1505	18.00	79.00
1970-01-01 01:16:56	1016	1016	3		dead	39	19	714	1793	18.00	94.00
1970-01-01 01:16:57	1017	1017	3		dead	35	19	647	1419	18.00	74.00
1970-01-01 01:16:58	1018	1018	3		dead	35	19	658	1460	18.00	76.00
1970-01-01 01:16:59	1019	1019	3		dead	40	19	761	1448	19.00	76.00
1970-01-01 01:17:00	1020	1020	3		dead	31	19	595	1733	19.00	91.00
1970-01-01 01:17:01	1021	1021	3		dead	32	19	585	1443	18.00	75.00
1970-01-01 01:17:02	1022	1022	3		dead	30	19	549	1726	18.00	90.00
1970-01-01 01:17:03	1023	1023	3		dead	33	19	630	1414	19.00	74.00
1970-01-01 01:17:04	1024	1024	3		dead	35	19	654	1759	18.00	92.00
1970-01-01 01:17:05	1025	1025	3		dead	39	19	737	1822	18.00	95.00
1970-01-01 01:17:06	1026	1026	3		dead	46	19	870	1566	18.00	82.00
1970-01-01 01:17:07	1027	1027	3		dead	38	19	694	1323	18.00	69.00
1970-01-01 01:17:08	1028	1028	3		dead	40	19	750	1628	18.00	85.00
1970-01-01 01:17:09	1029	1029	3		dead	33	19	604	1496	18.00	78.00
1970-01-01 01:17:10	1030	1030	3		dead	31	19	584	1461	18.00	76.00
1970-01-01 01:17:11	1031	1031	3		dead	39	19	768	1612	19.00	84.00
1970-01-01 01:17:12	1032	1032	3		dead	30	19	559	1665	18.00	87.00
1970-01-01 01:17:13	1033	1033	3		dead	35	19	675	1322	19.00	69.00
1970-01-01 01:17:14	1034	1034	3		dead	36	19	681	1638	18.00	86.00
1970-01-01 01:17:15	1035	1035	3		dead	41	19	769	1704	18.00	89.00
1970-01-01 01:17:16	1036	1036	3		dead	32	19	598	1358	18.00	71.00
1970-01-01 01:17:17	1037	1037	3		dead	28	19	551	1506	19.00	79.00
1970-01-01 01:17:18	1038	1038	3		dead	38	19	707	1711	18.00	90.00
1970-01-01 01:17:19	1039	1039	3		dead	34	19	642	1534	18.00	80.00
1970-01-01 01:17:20	1040	1040	3		dead	39	17	743	1340	19.00	78.00
1970-01-01 01:17:21	1041	1041	3		dead	37	18	723	1429	19.00	79.00
1970-01-01 01:17:22	1042	1042	3		dead	30	19	571	1473	19.00	77.00
1970-01-01 01:17:23	1043	1043	3		dead	36	19	671	1498	18.00	78.00
1970-01-01 01:17:24	1044	1044	3		dead	34	19	661	1351	19.00	71.00
1970-01-01 01:17:25	1045	1045	3		dead	41	19	764	1651	18.00	86.00
1970-01-01 01:17:26	1046	1046	3		dead	28	19	511	1304	18.00	68.00
1970-01-01 01:17:27	1047	1047	3		dead	41	20	759	1838	18.00	91.00
1970-01-01 01:17:28	1048	1048	3		dead	34	19	628	1368	18.00	72.00
1970-01-01 01:17:29	1049	1049	3		dead	34	19	630	1383	18.00	72.00
1970-01-01 01:17:30	1050	1050	3		dead	41	19	777	1469	18.00	77.00
1970-01-01 01:17:31	1051	1051	3		dead	33	19	634	1684	19.00	88.00
1970-01-01 01:17:32	1052	1052	3		dead	32	21	609	5483	19.00	261.00
1970-01-01 01:17:33	1053	1053	3		dead	37	22	658	5953	17.00	270.00
1970-01-01 01:17:34	1054	1054	3		dead	35	19	666	5206	19.00	274.00
1970-01-01 01:17:35	1055	1055	3		dead	36	21	704	5634	19.00	268.00
1970-01-01 01:17:36	1056	1056	3		dead	35	19	651	4995	18.00	262.00
