time-point	#client-msg	#server-msg	client-bytes	server-bytes	avg-client-bytes	avg-server-bytes
1970-01-01 01:00:00	36	8	1572	4485	43.00	560.00
1970-01-01 01:00:01	37	10	1611	5309	43.00	530.00
1970-01-01 01:00:02	37	10	1621	5464	43.00	546.00
1970-01-01 01:00:03	30	7	1287	3685	42.00	526.00
1970-01-01 01:00:04	37	9	1561	4913	42.00	545.00
1970-01-01 01:00:05	33	14	1412	7106	42.00	507.00
1970-01-01 01:00:06	37	8	1581	4312	42.00	539.00
1970-01-01 01:00:07	37	9	1606	4652	43.00	516.00
1970-01-01 01:00:08	32	9	1442	4560	45.00	506.00
1970-01-01 01:00:09	38	11	1710	5839	45.00	530.00
1970-01-01 01:00:10	32	10	1332	4970	41.00	497.00
1970-01-01 01:00:11	43	8	1801	3880	41.00	485.00
1970-01-01 01:00:12	38	11	1690	5447	44.00	495.00
1970-01-01 01:00:13	32	11	1438	5511	44.00	501.00
1970-01-01 01:00:14	41	6	1790	2714	43.00	452.00
1970-01-01 01:00:15	40	9	1668	4521	41.00	502.00
1970-01-01 01:00:16	47	7	2062	3399	43.00	485.00
1970-01-01 01:00:17	32	9	1349	4513	42.00	501.00
1970-01-01 01:00:18	37	9	1591	4557	43.00	506.00
1970-01-01 01:00:19	36	8	1517	3988	42.00	498.00
1970-01-01 01:00:20	32	8	1428	3978	44.00	497.00
1970-01-01 01:00:21	30	13	1308	6163	43.00	474.00
1970-01-01 01:00:22	39	12	1693	5537	43.00	461.00
1970-01-01 01:00:23	35	10	1520	4606	43.00	460.00
1970-01-01 01:00:24	34	11	1470	5099	43.00	463.00
1970-01-01 01:00:25	37	9	1645	3849	44.00	427.00
1970-01-01 01:00:26	38	9	1660	4038	43.00	448.00
1970-01-01 01:00:27	27	9	1258	3947	46.00	438.00
1970-01-01 01:00:28	44	11	1945	5091	44.00	462.00
1970-01-01 01:00:29	33	11	1450	4897	43.00	445.00
1970-01-01 01:00:30	36	11	1565	4677	43.00	425.00
1970-01-01 01:00:31	37	10	1549	4213	41.00	421.00
1970-01-01 01:00:32	33	12	1447	5159	43.00	429.00
1970-01-01 01:00:33	29	11	1262	4581	43.00	416.00
1970-01-01 01:00:34	32	12	1386	5336	43.00	444.00
1970-01-01 01:00:35	39	12	1715	5026	43.00	418.00
1970-01-01 01:00:36	38	11	1707	4462	44.00	405.00
1970-01-01 01:00:37	37	10	1566	4335	42.00	433.00
1970-01-01 01:00:38	36	13	1574	4988	43.00	383.00
1970-01-01 01:00:39	37	13	1616	5319	43.00	409.00
1970-01-01 01:00:40	38	11	1655	4182	43.00	380.00
1970-01-01 01:00:41	37	12	1626	5072	43.00	422.00
1970-01-01 01:00:42	35	10	1516	3728	43.00	372.00
1970-01-01 01:00:43	33	14	1465	5394	44.00	385.00
1970-01-01 01:00:44	31	13	1388	4630	44.00	356.00
1970-01-01 01:00:45	32	11	1348	4186	42.00	380.00
1970-01-01 01:00:46	36	10	1592	3871	44.00	387.00
1970-01-01 01:00:47	34	12	1478	4806	43.00	400.00
1970-01-01 01:00:48	33	9	1474	3249	44.00	361.00
1970-01-01 01:00:49	31	8	1365	3135	44.00	391.00
1970-01-01 01:00:50	41	12	1742	4167	42.00	347.00
1970-01-01 01:00:51	37	11	1653	4071	44.00	370.00
1970-01-01 01:00:52	36	8	1547	2709	42.00	338.00
1970-01-01 01:00:53	39	12	1685	4607	43.00	383.00
1970-01-01 01:00:54	32	12	1366	4273	42.00	356.00
1970-01-01 01:00:55	31	13	1362	4410	43.00	339.00
1970-01-01 01:00:56	33	11	1500	3802	45.00	345.00
1970-01-01 01:00:57	34	10	1486	3439	43.00	343.00
1970-01-01 01:00:58	32	11	1404	3653	43.00	332.00
1970-01-01 01:00:59	39	12	1632	3386	41.00	282.00
1970-01-01 01:01:00	36	12	1603	3781	44.00	315.00
1970-01-01 01:01:01	43	15	1799	4865	41.00	324.00
1970-01-01 01:01:02	31	13	1217	4046	39.00	311.00
1970-01-01 01:01:03	32	13	1393	3708	43.00	285.00
1970-01-01 01:01:04	36	11	1564	3308	43.00	300.00
1970-01-01 01:01:05	38	15	1646	4441	43.00	296.00
1970-01-01 01:01:06	39	12	1673	3641	42.00	303.00
1970-01-01 01:01:07	41	11	1809	3402	44.00	309.00
1970-01-01 01:01:08	39	13	1711	3437	43.00	264.00
1970-01-01 01:01:09	33	9	1489	2424	45.00	269.00
1970-01-01 01:01:10	35	13	1446	3786	41.00	291.00
1970-01-01 01:01:11	42	13	1727	3711	41.00	285.00
1970-01-01 01:01:12	42	10	1816	2707	43.00	270.00
1970-01-01 01:01:13	34	11	1525	2902	44.00	263.00
1970-01-01 01:01:14	38	14	1664	3791	43.00	270.00
1970-01-01 01:01:15	35	10	1558	2852	44.00	285.00
1970-01-01 01:01:16	30	12	1338	2990	44.00	249.00
1970-01-01 01:01:17	31	12	1378	3349	44.00	279.00
1970-01-01 01:01:18	31	12	1313	3075	42.00	256.00
1970-01-01 01:01:19	31	12	1330	3267	42.00	272.00
1970-01-01 01:01:20	38	13	1638	3007	43.00	231.00
1970-01-01 01:01:21	38	12	1637	2652	43.00	221.00
1970-01-01 01:01:22	33	15	1403	3900	42.00	260.00
1970-01-01 01:01:23	33	12	1446	2463	43.00	205.00
1970-01-01 01:01:24	25	14	1055	3093	42.00	220.00
1970-01-01 01:01:25	31	15	1335	3026	43.00	201.00
1970-01-01 01:01:26	33	13	1490	2804	45.00	215.00
1970-01-01 01:01:27	40	13	1634	2361	40.00	181.00
1970-01-01 01:01:28	38	14	1640	2894	43.00	206.00
1970-01-01 01:01:29	31	14	1408	3027	45.00	216.00
1970-01-01 01:01:30	36	14	1636	2652	45.00	189.00
1970-01-01 01:01:31	43	15	1840	3181	42.00	212.00
1970-01-01 01:01:32	35	11	1591	2440	45.00	221.00
1970-01-01 01:01:33	33	14	1393	2657	42.00	189.00
1970-01-01 01:01:34	38	15	1613	2901	42.00	193.00
1970-01-01 01:01:35	35	15	1477	3422	42.00	228.00
1970-01-01 01:01:36	42	17	1763	2751	41.00	161.00
1970-01-01 01:01:37	32	14	1274	2353	39.00	168.00
1970-01-01 01:01:38	32	13	1341	2240	41.00	172.00
1970-01-01 01:01:39	31	14	1365	2423	44.00	173.00
1970-01-01 01:01:40	36	13	1519	2289	42.00	176.00
1970-01-01 01:01:41	39	16	1712	2836	43.00	177.00
1970-01-01 01:01:42	34	14	1472	2523	43.00	180.00
1970-01-01 01:01:43	37	13	1642	1756	44.00	135.00
1970-01-01 01:01:44	39	15	1746	2503	44.00	166.00
1970-01-01 01:01:45	30	14	1349	2195	44.00	156.00
1970-01-01 01:01:46	38	13	1608	1608	42.00	123.00
1970-01-01 01:01:47	42	13	1823	1432	43.00	110.00
1970-01-01 01:01:48	33	12	1428	1207	43.00	100.00
1970-01-01 01:01:49	31	15	1416	2001	45.00	133.00
1970-01-01 01:01:50	37	15	1642	1579	44.00	105.00
1970-01-01 01:01:51	40	12	1742	1448	43.00	120.00
1970-01-01 01:01:52	40	15	1837	1566	45.00	104.00
1970-01-01 01:01:53	38	14	1639	1845	43.00	131.00
1970-01-01 01:01:54	44	11	1895	1371	43.00	124.00
1970-01-01 01:01:55	37	16	1615	1651	43.00	103.00
1970-01-01 01:01:56	40	14	1806	1240	45.00	88.00
1970-01-01 01:01:57	36	18	1552	2093	43.00	116.00
1970-01-01 01:01:58	39	13	1679	1349	43.00	103.00
1970-01-01 01:01:59	34	14	1461	915	42.00	65.00
1970-01-01 01:02:00	41	15	1760	1589	42.00	105.00
1970-01-01 01:02:01	33	16	1460	1266	44.00	79.00
1970-01-01 01:02:02	40	13	1713	1058	42.00	81.00
1970-01-01 01:02:03	38	14	1577	1279	41.00	91.00
1970-01-01 01:02:04	37	17	1614	1442	43.00	84.00
1970-01-01 01:02:05	42	13	1743	1204	41.00	92.00
1970-01-01 01:02:06	31	17	1379	1131	44.00	66.00
1970-01-01 01:02:07	44	13	2004	908	45.00	69.00
1970-01-01 01:02:08	32	15	1383	1191	43.00	79.00
1970-01-01 01:02:09	32	13	1377	972	43.00	74.00
1970-01-01 01:02:10	31	14	1359	1220	43.00	87.00
1970-01-01 01:02:11	39	14	1738	1145	44.00	81.00
1970-01-01 01:02:12	34	15	1392	1188	40.00	79.00
1970-01-01 01:02:13	36	18	1565	1749	43.00	97.00
1970-01-01 01:02:14	37	15	1617	1083	43.00	72.00
1970-01-01 01:02:15	34	17	1533	1475	45.00	86.00
1970-01-01 01:02:16	31	17	1278	1426	41.00	83.00
1970-01-01 01:02:17	30	15	1252	829	41.00	55.00
1970-01-01 01:02:18	40	16	1769	1206	44.00	75.00
1970-01-01 01:02:19	34	12	1396	794	41.00	66.00
1970-01-01 01:02:20	39	15	1633	1286	41.00	85.00
1970-01-01 01:02:21	29	17	1228	1228	42.00	72.00
1970-01-01 01:02:22	38	16	1723	1333	45.00	83.00
1970-01-01 01:02:23	35	15	1623	1381	46.00	92.00
1970-01-01 01:02:24	31	17	1412	1279	45.00	75.00
1970-01-01 01:02:25	37	16	1655	1268	44.00	79.00
1970-01-01 01:02:26	39	18	1702	1470	43.00	81.00
1970-01-01 01:02:27	38	17	1668	1537	43.00	90.00
1970-01-01 01:02:28	34	17	1417	1393	41.00	81.00
1970-01-01 01:02:29	43	14	1781	958	41.00	68.00
1970-01-01 01:02:30	32	19	1448	1562	45.00	82.00
1970-01-01 01:02:31	33	14	1418	1053	42.00	75.00
1970-01-01 01:02:32	30	17	1196	1610	39.00	94.00
1970-01-01 01:02:33	38	16	1719	1415	45.00	88.00
1970-01-01 01:02:34	31	15	1303	1217	42.00	81.00
1970-01-01 01:02:35	34	16	1492	1261	43.00	78.00
1970-01-01 01:02:36	27	19	1124	1359	41.00	71.00
1970-01-01 01:02:37	29	18	1245	1460	42.00	81.00
1970-01-01 01:02:38	35	13	1421	965	40.00	74.00
1970-01-01 01:02:39	36	20	1607	1850	44.00	92.00
1970-01-01 01:02:40	36	16	1688	1376	46.00	86.00
1970-01-01 01:02:41	33	17	1509	1407	45.00	82.00
1970-01-01 01:02:42	36	16	1612	1366	44.00	85.00
1970-01-01 01:02:43	35	16	1488	1142	42.00	71.00
1970-01-01 01:02:44	32	18	1391	1521	43.00	84.00
1970-01-01 01:02:45	45	17	1921	1478	42.00	86.00
1970-01-01 01:02:46	35	16	1535	1447	43.00	90.00
1970-01-01 01:02:47	33	16	1437	1347	43.00	84.00
1970-01-01 01:02:48	34	15	1477	1085	43.00	72.00
1970-01-01 01:02:49	46	17	1919	1283	41.00	75.00
1970-01-01 01:02:50	43	17	1812	1528	42.00	89.00
1970-01-01 01:02:51	30	15	1301	1302	43.00	86.00
1970-01-01 01:02:52	34	19	1445	2029	42.00	106.00
1970-01-01 01:02:53	30	15	1288	1268	42.00	84.00
1970-01-01 01:02:54	38	17	1654	1280	43.00	75.00
1970-01-01 01:02:55	39	18	1674	1698	42.00	94.00
1970-01-01 01:02:56	40	15	1696	1168	42.00	77.00
1970-01-01 01:02:57	32	16	1466	1146	45.00	71.00
1970-01-01 01:02:58	38	16	1593	1386	41.00	86.00
1970-01-01 01:02:59	45	19	1915	1425	42.00	75.00
1970-01-01 01:03:00	35	17	1495	1331	42.00	78.00
1970-01-01 01:03:01	47	18	2021	1450	43.00	80.00
1970-01-01 01:03:02	27	18	1075	1643	39.00	91.00
1970-01-01 01:03:03	27	21	1144	1536	42.00	73.00
1970-01-01 01:03:04	34	18	1492	1640	43.00	91.00
1970-01-01 01:03:05	33	18	1434	1741	43.00	96.00
1970-01-01 01:03:06	40	17	1770	1437	44.00	84.00
1970-01-01 01:03:07	40	20	1728	1519	43.00	75.00
1970-01-01 01:03:08	38	16	1663	1470	43.00	91.00
1970-01-01 01:03:09	39	15	1563	1089	40.00	72.00
1970-01-01 01:03:10	38	17	1654	1312	43.00	77.00
1970-01-01 01:03:11	33	18	1415	1732	42.00	96.00
1970-01-01 01:03:12	37	15	1617	1051	43.00	70.00
1970-01-01 01:03:13	30	18	1243	1436	41.00	79.00
1970-01-01 01:03:14	35	18	1515	1637	43.00	90.00
1970-01-01 01:03:15	25	17	1146	1537	45.00	90.00
1970-01-01 01:03:16	31	20	1367	1732	44.00	86.00
1970-01-01 01:03:17	46	20	2096	1645	45.00	82.00
1970-01-01 01:03:18	35	15	1623	1171	46.00	78.00
1970-01-01 01:03:19	33	17	1418	1469	42.00	86.00
1970-01-01 01:03:20	25	16	1064	1372	42.00	85.00
1970-01-01 01:03:21	35	21	1524	1710	43.00	81.00
1970-01-01 01:03:22	40	18	1707	1180	42.00	65.00
1970-01-01 01:03:23	40	19	1749	1387	43.00	73.00
1970-01-01 01:03:24	33	14	1357	1350	41.00	96.00
1970-01-01 01:03:25	45	22	1988	1950	44.00	88.00
1970-01-01 01:03:26	34	19	1483	1419	43.00	74.00
1970-01-01 01:03:27	33	20	1403	1814	42.00	90.00
1970-01-01 01:03:28	42	18	1847	1433	43.00	79.00
1970-01-01 01:03:29	30	16	1318	1393	43.00	87.00
1970-01-01 01:03:30	35	17	1608	1460	45.00	85.00
1970-01-01 01:03:31	37	19	1614	1856	43.00	97.00
1970-01-01 01:03:32	30	18	1338	1606	44.00	89.00
1970-01-01 01:03:33	43	18	1845	1371	42.00	76.00
1970-01-01 01:03:34	37	19	1612	1519	43.00	79.00
1970-01-01 01:03:35	35	21	1446	1658	41.00	78.00
1970-01-01 01:03:36	39	19	1675	1518	42.00	79.00
1970-01-01 01:03:37	38	17	1708	1291	44.00	75.00
1970-01-01 01:03:38	35	19	1455	1497	41.00	78.00
1970-01-01 01:03:39	32	16	1387	1511	43.00	94.00
1970-01-01 01:03:40	44	22	1940	1686	44.00	76.00
1970-01-01 01:03:41	30	17	1282	1663	42.00	97.00
1970-01-01 01:03:42	36	18	1634	1449	45.00	80.00
1970-01-01 01:03:43	29	19	1284	1375	44.00	72.00
1970-01-01 01:03:44	32	20	1415	1574	44.00	78.00
1970-01-01 01:03:45	27	18	1135	1227	42.00	68.00
1970-01-01 01:03:46	37	19	1645	1177	44.00	61.00
1970-01-01 01:03:47	38	19	1665	1603	43.00	84.00
1970-01-01 01:03:48	36	19	1486	1517	41.00	79.00
1970-01-01 01:03:49	35	20	1517	1533	43.00	76.00
1970-01-01 01:03:50	34	20	1470	2243	43.00	112.00
1970-01-01 01:03:51	39	18	1745	1373	44.00	76.00
1970-01-01 01:03:52	34	19	1516	1569	44.00	82.00
1970-01-01 01:03:53	43	20	1920	1590	44.00	79.00
1970-01-01 01:03:54	45	17	2067	1110	45.00	65.00
1970-01-01 01:03:55	35	18	1471	1393	42.00	77.00
1970-01-01 01:03:56	31	20	1374	1430	44.00	71.00
1970-01-01 01:03:57	37	19	1646	1468	44.00	77.00
1970-01-01 01:03:58	28	23	1241	1897	44.00	82.00
1970-01-01 01:03:59	39	19	1701	1574	43.00	82.00
1970-01-01 01:04:00	40	19	1601	1319	40.00	69.00
1970-01-01 01:04:01	29	15	1244	1083	42.00	72.00
1970-01-01 01:04:02	29	17	1272	1244	43.00	73.00
1970-01-01 01:04:03	39	19	1647	1259	42.00	66.00
1970-01-01 01:04:04	30	20	1358	1454	45.00	72.00
1970-01-01 01:04:05	40	20	1713	1757	42.00	87.00
1970-01-01 01:04:06	37	20	1550	1778	41.00	88.00
1970-01-01 01:04:07	35	20	1495	1504	42.00	75.00
1970-01-01 01:04:08	33	24	1424	2092	43.00	87.00
1970-01-01 01:04:09	35	19	1454	1561	41.00	82.00
1970-01-01 01:04:10	40	20	1714	1592	42.00	79.00
1970-01-01 01:04:11	41	18	1739	1438	42.00	79.00
1970-01-01 01:04:12	40	22	1742	1819	43.00	82.00
1970-01-01 01:04:13	36	19	1607	1636	44.00	86.00
1970-01-01 01:04:14	34	19	1477	1754	43.00	92.00
1970-01-01 01:04:15	37	18	1651	1631	44.00	90.00
1970-01-01 01:04:16	38	21	1705	1813	44.00	86.00
1970-01-01 01:04:17	39	21	1697	1810	43.00	86.00
1970-01-01 01:04:18	37	19	1616	1535	43.00	80.00
1970-01-01 01:04:19	37	18	1543	1424	41.00	79.00
1970-01-01 01:04:20	38	18	1709	1435	44.00	79.00
1970-01-01 01:04:21	38	19	1710	1583	45.00	83.00
1970-01-01 01:04:22	28	18	1299	1520	46.00	84.00
1970-01-01 01:04:23	30	21	1266	1437	42.00	68.00
1970-01-01 01:04:24	33	17	1410	1487	42.00	87.00
1970-01-01 01:04:25	39	19	1702	1582	43.00	83.00
1970-01-01 01:04:26	33	20	1461	1561	44.00	78.00
1970-01-01 01:04:27	39	18	1805	1312	46.00	72.00
1970-01-01 01:04:28	33	20	1371	1590	41.00	79.00
1970-01-01 01:04:29	37	17	1627	1359	43.00	79.00
1970-01-01 01:04:30	37	21	1551	1913	41.00	91.00
1970-01-01 01:04:31	40	19	1717	1531	42.00	80.00
1970-01-01 01:04:32	29	21	1298	1882	44.00	89.00
1970-01-01 01:04:33	32	18	1399	1500	43.00	83.00
1970-01-01 01:04:34	35	19	1438	1657	41.00	87.00
1970-01-01 01:04:35	35	20	1551	5038	44.00	251.00
1970-01-01 01:04:36	26	19	1120	5275	43.00	277.00
1970-01-01 01:04:37	43	19	1779	5059	41.00	266.00
1970-01-01 01:04:38	36	16	1533	4281	42.00	267.00
1970-01-01 01:04:39	40	19	1739	5408	43.00	284.00
1970-01-01 01:04:40	40	19	1824	5668	45.00	298.00
1970-01-01 01:04:41	38	19	715	1216	18.00	64.00
1970-01-01 01:04:42	40	19	762	1504	19.00	79.00
1970-01-01 01:04:43	34	19	651	1368	19.00	72.00
1970-01-01 01:04:44	37	17	689	1360	18.00	80.00
1970-01-01 01:04:45	31	18	582	1418	18.00	78.00
1970-01-01 01:04:46	33	18	640	1179	19.00	65.00
1970-01-01 01:04:47	31	19	599	1687	19.00	88.00
1970-01-01 01:04:48	29	19	557	1361	19.00	71.00
1970-01-01 01:04:49	42	19	767	1649	18.00	86.00
1970-01-01 01:04:50	37	19	702	1600	18.00	84.00
1970-01-01 01:04:51	23	19	436	1820	18.00	95.00
1970-01-01 01:04:52	35	19	673	1496	19.00	78.00
1970-01-01 01:04:53	34	19	651	1610	19.00	84.00
1970-01-01 01:04:54	37	19	684	1344	18.00	70.00
1970-01-01 01:04:55	33	19	602	1646	18.00	86.00
1970-01-01 01:04:56	44	19	836	1767	19.00	93.00
1970-01-01 01:04:57	35	19	670	1495	19.00	78.00
1970-01-01 01:04:58	35	19	677	1350	19.00	71.00
1970-01-01 01:04:59	40	18	755	1537	18.00	85.00
1970-01-01 01:05:00	32	18	606	1792	18.00	99.00
1970-01-01 01:05:01	38	20	735	1657	19.00	82.00
1970-01-01 01:05:02	34	19	633	1576	18.00	82.00
1970-01-01 01:05:03	36	19	663	1629	18.00	85.00
1970-01-01 01:05:04	35	18	683	1361	19.00	75.00
1970-01-01 01:05:05	32	22	587	1710	18.00	77.00
1970-01-01 01:05:06	36	19	671	1883	18.00	99.00
1970-01-01 01:05:07	39	19	752	1782	19.00	93.00
1970-01-01 01:05:08	36	19	688	1588	19.00	83.00
1970-01-01 01:05:09	31	19	606	1887	19.00	99.00
1970-01-01 01:05:10	32	19	597	1681	18.00	88.00
1970-01-01 01:05:11	38	20	695	1875	18.00	93.00
1970-01-01 01:05:12	30	19	580	1616	19.00	85.00
1970-01-01 01:05:13	40	19	741	1400	18.00	73.00
1970-01-01 01:05:14	43	19	822	1579	19.00	83.00
1970-01-01 01:05:15	40	19	760	1688	19.00	88.00
1970-01-01 01:05:16	40	19	728	1589	18.00	83.00
1970-01-01 01:05:17	35	19	631	1526	18.00	80.00
1970-01-01 01:05:18	33	19	633	1301	19.00	68.00
1970-01-01 01:05:19	33	19	636	1378	19.00	72.00
1970-01-01 01:05:20	34	19	637	1619	18.00	85.00
1970-01-01 01:05:21	35	19	685	1548	19.00	81.00
1970-01-01 01:05:22	34	19	631	1597	18.00	84.00
1970-01-01 01:05:23	42	19	837	1602	19.00	84.00
1970-01-01 01:05:24	32	19	598	1377	18.00	72.00
1970-01-01 01:05:25	38	19	726	1399	19.00	73.00
1970-01-01 01:05:26	36	19	686	1491	19.00	78.00
1970-01-01 01:05:27	38	19	708	1369	18.00	72.00
1970-01-01 01:05:28	33	20	623	1645	18.00	82.00
1970-01-01 01:05:29	44	21	844	1485	19.00	70.00
1970-01-01 01:05:30	26	20	494	1782	19.00	89.00
1970-01-01 01:05:31	34	19	636	1503	18.00	79.00
1970-01-01 01:05:32	34	19	637	1183	18.00	62.00
1970-01-01 01:05:33	36	19	686	1472	19.00	77.00
1970-01-01 01:05:34	39	19	746	1645	19.00	86.00
1970-01-01 01:05:35	36	19	672	1501	18.00	79.00
1970-01-01 01:05:36	38	19	734	1666	19.00	87.00
1970-01-01 01:05:37	31	19	581	1609	18.00	84.00
1970-01-01 01:05:38	40	19	775	1872	19.00	98.00
1970-01-01 01:05:39	43	19	813	1669	18.00	87.00
1970-01-01 01:05:40	33	19	638	1504	19.00	79.00
1970-01-01 01:05:41	38	19	692	1468	18.00	77.00
1970-01-01 01:05:42	31	19	577	1208	18.00	63.00
1970-01-01 01:05:43	44	18	826	1531	18.00	85.00
1970-01-01 01:05:44	31	20	608	1686	19.00	84.00
1970-01-01 01:05:45	40	21	751	1823	18.00	86.00
1970-01-01 01:05:46	31	19	609	1528	19.00	80.00
1970-01-01 01:05:47	32	19	601	1456	18.00	76.00
1970-01-01 01:05:48	33	19	611	1591	18.00	83.00
1970-01-01 01:05:49	35	19	668	1674	19.00	88.00
1970-01-01 01:05:50	36	19	656	1610	18.00	84.00
1970-01-01 01:05:51	32	19	611	1737	19.00	91.00
1970-01-01 01:05:52	37	19	707	1424	19.00	74.00
1970-01-01 01:05:53	41	19	759	1560	18.00	82.00
1970-01-01 01:05:54	36	19	670	1688	18.00	88.00
1970-01-01 01:05:55	36	19	666	1696	18.00	89.00
1970-01-01 01:05:56	41	19	805	1512	19.00	79.00
1970-01-01 01:05:57	35	19	667	4970	19.00	261.00
1970-01-01 01:05:58	33	18	631	5075	19.00	281.00
1970-01-01 01:05:59	26	17	462	4626	17.00	272.00
1970-01-01 01:06:00	29	18	535	4548	18.00	252.00
1970-01-01 01:06:01	36	20	685	5379	19.00	268.00
1970-01-01 01:06:02	28	20	541	5388	19.00	269.00
1970-01-01 01:06:03	39	19	742	1477	19.00	77.00
1970-01-01 01:06:04	37	19	681	1880	18.00	98.00
1970-01-01 01:06:05	41	19	778	1677	18.00	88.00
1970-01-01 01:06:06	37	19	694	1632	18.00	85.00
1970-01-01 01:06:07	39	19	733	1592	18.00	83.00
1970-01-01 01:06:08	22	19	414	1321	18.00	69.00
1970-01-01 01:06:09	29	19	568	2037	19.00	107.00
1970-01-01 01:06:10	30	19	549	1369	18.00	72.00
1970-01-01 01:06:11	30	19	591	1614	19.00	84.00
1970-01-01 01:06:12	31	19	582	1567	18.00	82.00
1970-01-01 01:06:13	39	19	731	1349	18.00	71.00
1970-01-01 01:06:14	32	19	617	1289	19.00	67.00
1970-01-01 01:06:15	37	19	665	1690	17.00	88.00
1970-01-01 01:06:16	35	19	636	1495	18.00	78.00
1970-01-01 01:06:17	32	19	607	1730	18.00	91.00
1970-01-01 01:06:18	31	19	581	1240	18.00	65.00
1970-01-01 01:06:19	36	19	677	1811	18.00	95.00
1970-01-01 01:06:20	34	19	635	1528	18.00	80.00
1970-01-01 01:06:21	38	19	700	1642	18.00	86.00
1970-01-01 01:06:22	43	19	816	1653	18.00	87.00
1970-01-01 01:06:23	36	19	678	1639	18.00	86.00
1970-01-01 01:06:24	32	19	601	1403	18.00	73.00
1970-01-01 01:06:25	37	19	705	1691	19.00	89.00
1970-01-01 01:06:26	35	19	681	1478	19.00	77.00
1970-01-01 01:06:27	34	19	645	1520	18.00	80.00
1970-01-01 01:06:28	36	19	663	1275	18.00	67.00
1970-01-01 01:06:29	40	19	750	1431	18.00	75.00
1970-01-01 01:06:30	41	19	776	1703	18.00	89.00
1970-01-01 01:06:31	36	19	661	1476	18.00	77.00
1970-01-01 01:06:32	33	19	612	1454	18.00	76.00
1970-01-01 01:06:33	33	19	613	1498	18.00	78.00
1970-01-01 01:06:34	41	19	771	1328	18.00	69.00
1970-01-01 01:06:35	32	19	614	1559	19.00	82.00
1970-01-01 01:06:36	42	19	806	1403	19.00	73.00
1970-01-01 01:06:37	31	19	580	1421	18.00	74.00
1970-01-01 01:06:38	37	20	712	1454	19.00	72.00
1970-01-01 01:06:39	33	19	651	1357	19.00	71.00
1970-01-01 01:06:40	35	20	660	1289	18.00	64.00
1970-01-01 01:06:41	37	19	701	1446	18.00	76.00
1970-01-01 01:06:42	39	19	779	1609	19.00	84.00
1970-01-01 01:06:43	37	19	711	1438	19.00	75.00
1970-01-01 01:06:44	40	19	732	1757	18.00	92.00
1970-01-01 01:06:45	32	19	596	1558	18.00	82.00
1970-01-01 01:06:46	34	19	610	1478	17.00	77.00
1970-01-01 01:06:47	47	19	867	1614	18.00	84.00
1970-01-01 01:06:48	35	19	644	1404	18.00	73.00
1970-01-01 01:06:49	40	19	756	1379	18.00	72.00
1970-01-01 01:06:50	36	19	718	1467	19.00	77.00
1970-01-01 01:06:51	33	19	618	1527	18.00	80.00
1970-01-01 01:06:52	31	19	571	1537	18.00	80.00
1970-01-01 01:06:53	27	19	508	1562	18.00	82.00
1970-01-01 01:06:54	22	19	412	1293	18.00	68.00
1970-01-01 01:06:55	40	19	749	1445	18.00	76.00
1970-01-01 01:06:56	36	19	718	1637	19.00	86.00
1970-01-01 01:06:57	36	19	682	1345	18.00	70.00
1970-01-01 01:06:58	38	19	745	1601	19.00	84.00
1970-01-01 01:06:59	43	19	830	1786	19.00	94.00
1970-01-01 01:07:00	34	19	652	1329	19.00	69.00
1970-01-01 01:07:01	38	19	720	1570	18.00	82.00
1970-01-01 01:07:02	35	19	635	1621	18.00	85.00
1970-01-01 01:07:03	44	19	830	1480	18.00	77.00
1970-01-01 01:07:04	33	19	640	1498	19.00	78.00
1970-01-01 01:07:05	35	19	643	1618	18.00	85.00
1970-01-01 01:07:06	33	19	604	1525	18.00	80.00
1970-01-01 01:07:07	39	19	723	1176	18.00	61.00
1970-01-01 01:07:08	33	19	615	1631	18.00	85.00
1970-01-01 01:07:09	33	19	632	1710	19.00	90.00
1970-01-01 01:07:10	36	19	692	1673	19.00	88.00
1970-01-01 01:07:11	39	19	738	1413	18.00	74.00
1970-01-01 01:07:12	32	19	619	1495	19.00	78.00
1970-01-01 01:07:13	42	19	814	1590	19.00	83.00
1970-01-01 01:07:14	31	19	574	1583	18.00	83.00
1970-01-01 01:07:15	34	19	641	1676	18.00	88.00
1970-01-01 01:07:16	27	19	516	1562	19.00	82.00
1970-01-01 01:07:17	32	19	635	1564	19.00	82.00
1970-01-01 01:07:18	36	19	669	1676	18.00	88.00
1970-01-01 01:07:19	39	19	756	1880	19.00	98.00
1970-01-01 01:07:20	38	19	733	1558	19.00	82.00
1970-01-01 01:07:21	39	19	736	1589	18.00	83.00
1970-01-01 01:07:22	37	19	690	1615	18.00	85.00
1970-01-01 01:07:23	32	19	618	1313	19.00	69.00
1970-01-01 01:07:24	40	19	761	1278	19.00	67.00
1970-01-01 01:07:25	31	19	609	1672	19.00	88.00
1970-01-01 01:07:26	38	19	733	1423	19.00	74.00
1970-01-01 01:07:27	28	19	514	1451	18.00	76.00
1970-01-01 01:07:28	33	19	608	1608	18.00	84.00
1970-01-01 01:07:29	39	19	749	1781	19.00	93.00
1970-01-01 01:07:30	38	19	737	1554	19.00	81.00
1970-01-01 01:07:31	33	19	637	1737	19.00	91.00
1970-01-01 01:07:32	35	19	651	1594	18.00	83.00
1970-01-01 01:07:33	41	19	759	1504	18.00	79.00
1970-01-01 01:07:34	36	19	662	1517	18.00	79.00
1970-01-01 01:07:35	28	19	539	1858	19.00	97.00
1970-01-01 01:07:36	40	19	752	1517	18.00	79.00
1970-01-01 01:07:37	33	19	620	1551	18.00	81.00
1970-01-01 01:07:38	37	21	709	1575	19.00	75.00
1970-01-01 01:07:39	30	18	568	1393	18.00	77.00
1970-01-01 01:07:40	38	19	749	1623	19.00	85.00
1970-01-01 01:07:41	39	19	722	1478	18.00	77.00
1970-01-01 01:07:42	37	19	719	1235	19.00	65.00
1970-01-01 01:07:43	39	19	708	1311	18.00	69.00
1970-01-01 01:07:44	32	19	604	1478	18.00	77.00
1970-01-01 01:07:45	30	19	552	1369	18.00	72.00
1970-01-01 01:07:46	28	19	500	1603	17.00	84.00
1970-01-01 01:07:47	36	19	670	1602	18.00	84.00
1970-01-01 01:07:48	35	19	678	1464	19.00	77.00
1970-01-01 01:07:49	31	19	578	1583	18.00	83.00
1970-01-01 01:07:50	36	19	696	1502	19.00	79.00
1970-01-01 01:07:51	35	19	661	1388	18.00	73.00
1970-01-01 01:07:52	37	19	703	1676	19.00	88.00
1970-01-01 01:07:53	36	19	677	1458	18.00	76.00
1970-01-01 01:07:54	42	19	827	1744	19.00	91.00
1970-01-01 01:07:55	33	19	615	1468	18.00	77.00
1970-01-01 01:07:56	30	19	583	1620	19.00	85.00
1970-01-01 01:07:57	42	19	751	1317	17.00	69.00
1970-01-01 01:07:58	40	20	743	1457	18.00	72.00
1970-01-01 01:07:59	24	22	437	1626	18.00	73.00
1970-01-01 01:08:00	42	20	768	1889	18.00	94.00
1970-01-01 01:08:01	29	19	567	1505	19.00	79.00
1970-01-01 01:08:02	37	18	671	1505	18.00	83.00
1970-01-01 01:08:03	35	21	669	1743	19.00	83.00
1970-01-01 01:08:04	29	21	566	1648	19.00	78.00
1970-01-01 01:08:05	33	19	628	1469	19.00	77.00
1970-01-01 01:08:06	39	19	750	1154	19.00	60.00
1970-01-01 01:08:07	39	20	704	1706	18.00	85.00
1970-01-01 01:08:08	32	19	625	1581	19.00	83.00
1970-01-01 01:08:09	37	19	705	1516	19.00	79.00
1970-01-01 01:08:10	38	19	711	1800	18.00	94.00
1970-01-01 01:08:11	34	19	651	1360	19.00	71.00
1970-01-01 01:08:12	29	19	557	1628	19.00	85.00
1970-01-01 01:08:13	35	19	663	1808	18.00	95.00
1970-01-01 01:08:14	48	19	884	1525	18.00	80.00
1970-01-01 01:08:15	38	19	713	1469	18.00	77.00
1970-01-01 01:08:16	36	17	650	1481	18.00	87.00
1970-01-01 01:08:17	38	21	737	1804	19.00	85.00
1970-01-01 01:08:18	41	19	750	1868	18.00	98.00
1970-01-01 01:08:19	38	19	719	1794	18.00	94.00
1970-01-01 01:08:20	35	19	660	1575	18.00	82.00
1970-01-01 01:08:21	41	19	793	1356	19.00	71.00
1970-01-01 01:08:22	32	18	611	1118	19.00	62.00
1970-01-01 01:08:23	43	17	825	1278	19.00	75.00
1970-01-01 01:08:24	39	17	745	1389	19.00	81.00
1970-01-01 01:08:25	36	19	645	1843	17.00	97.00
1970-01-01 01:08:26	31	19	564	1872	18.00	98.00
1970-01-01 01:08:27	35	19	678	1509	19.00	79.00
1970-01-01 01:08:28	40	20	756	1728	18.00	86.00
1970-01-01 01:08:29	34	20	639	1508	18.00	75.00
1970-01-01 01:08:30	41	20	753	1600	18.00	80.00
1970-01-01 01:08:31	41	19	758	1439	18.00	75.00
1970-01-01 01:08:32	32	19	594	1712	18.00	90.00
1970-01-01 01:08:33	33	19	630	1615	19.00	85.00
1970-01-01 01:08:34	26	19	491	1594	18.00	83.00
1970-01-01 01:08:35	38	19	740	1663	19.00	87.00
1970-01-01 01:08:36	37	19	725	1658	19.00	87.00
1970-01-01 01:08:37	31	19	633	1595	20.00	83.00
1970-01-01 01:08:38	38	19	723	1556	19.00	81.00
1970-01-01 01:08:39	40	19	752	1636	18.00	86.00
1970-01-01 01:08:40	36	19	672	1715	18.00	90.00
1970-01-01 01:08:41	32	19	596	1654	18.00	87.00
1970-01-01 01:08:42	31	19	581	1463	18.00	77.00
1970-01-01 01:08:43	28	19	528	1673	18.00	88.00
1970-01-01 01:08:44	38	19	751	1506	19.00	79.00
1970-01-01 01:08:45	33	19	596	1207	18.00	63.00
1970-01-01 01:08:46	36	19	668	1260	18.00	66.00
1970-01-01 01:08:47	34	19	640	1804	18.00	94.00
1970-01-01 01:08:48	36	18	689	1524	19.00	84.00
1970-01-01 01:08:49	41	24	777	1964	18.00	81.00
1970-01-01 01:08:50	33	18	647	1415	19.00	78.00
1970-01-01 01:08:51	32	19	601	1702	18.00	89.00
1970-01-01 01:08:52	36	19	685	1574	19.00	82.00
1970-01-01 01:08:53	31	19	586	1574	18.00	82.00
1970-01-01 01:08:54	37	19	713	1460	19.00	76.00
1970-01-01 01:08:55	31	19	594	1579	19.00	83.00
1970-01-01 01:08:56	31	19	590	1503	19.00	79.00
1970-01-01 01:08:57	39	19	730	1548	18.00	81.00
1970-01-01 01:08:58	33	19	604	1568	18.00	82.00
1970-01-01 01:08:59	39	19	744	1304	19.00	68.00
1970-01-01 01:09:00	35	19	670	1346	19.00	70.00
1970-01-01 01:09:01	30	19	569	1363	18.00	71.00
1970-01-01 01:09:02	39	19	754	1566	19.00	82.00
1970-01-01 01:09:03	43	19	792	1642	18.00	86.00
1970-01-01 01:09:04	38	19	676	1733	17.00	91.00
1970-01-01 01:09:05	35	19	665	1469	19.00	77.00
1970-01-01 01:09:06	37	19	704	1603	19.00	84.00
1970-01-01 01:09:07	30	19	581	1515	19.00	79.00
1970-01-01 01:09:08	33	19	636	1729	19.00	91.00
1970-01-01 01:09:09	41	19	778	1553	18.00	81.00
1970-01-01 01:09:10	34	19	619	1635	18.00	86.00
1970-01-01 01:09:11	40	20	769	1437	19.00	71.00
1970-01-01 01:09:12	39	19	750	1440	19.00	75.00
1970-01-01 01:09:13	33	17	588	1353	17.00	79.00
1970-01-01 01:09:14	35	19	656	1382	18.00	72.00
1970-01-01 01:09:15	40	19	764	1476	19.00	77.00
1970-01-01 01:09:16	32	19	594	1944	18.00	102.00
1970-01-01 01:09:17	41	19	800	1510	19.00	79.00
1970-01-01 01:09:18	29	19	547	1632	18.00	85.00
1970-01-01 01:09:19	36	19	672	1605	18.00	84.00
1970-01-01 01:09:20	29	19	540	1552	18.00	81.00
1970-01-01 01:09:21	35	19	648	1544	18.00	81.00
1970-01-01 01:09:22	37	19	674	1566	18.00	82.00
1970-01-01 01:09:23	33	19	637	1397	19.00	73.00
1970-01-01 01:09:24	40	19	721	1543	18.00	81.00
1970-01-01 01:09:25	27	19	515	1517	19.00	79.00
1970-01-01 01:09:26	42	19	776	1568	18.00	82.00
1970-01-01 01:09:27	35	19	649	1571	18.00	82.00
1970-01-01 01:09:28	36	19	706	1687	19.00	88.00
1970-01-01 01:09:29	33	19	635	5218	19.00	274.00
1970-01-01 01:09:30	33	17	651	4544	19.00	267.00
1970-01-01 01:09:31	28	21	526	6065	18.00	288.00
1970-01-01 01:09:32	33	19	640	5202	19.00	273.00
1970-01-01 01:09:33	37	20	707	5506	19.00	275.00
1970-01-01 01:09:34	31	18	621	5287	20.00	293.00
1970-01-01 01:09:35	35	19	661	1261	18.00	66.00
1970-01-01 01:09:36	35	19	639	1501	18.00	79.00
1970-01-01 01:09:37	35	19	654	1561	18.00	82.00
1970-01-01 01:09:38	35	19	653	1555	18.00	81.00
1970-01-01 01:09:39	34	19	643	1432	18.00	75.00
1970-01-01 01:09:40	39	19	725	1396	18.00	73.00
1970-01-01 01:09:41	31	19	589	1900	19.00	100.00
1970-01-01 01:09:42	29	19	532	1426	18.00	75.00
1970-01-01 01:09:43	36	19	674	1621	18.00	85.00
1970-01-01 01:09:44	45	19	847	1704	18.00	89.00
1970-01-01 01:09:45	27	19	507	1309	18.00	68.00
1970-01-01 01:09:46	43	19	826	1765	19.00	92.00
1970-01-01 01:09:47	35	19	661	1403	18.00	73.00
1970-01-01 01:09:48	28	19	554	1487	19.00	78.00
1970-01-01 01:09:49	40	19	752	1752	18.00	92.00
1970-01-01 01:09:50	26	19	469	1600	18.00	84.00
1970-01-01 01:09:51	42	19	773	1459	18.00	76.00
1970-01-01 01:09:52	38	19	752	1331	19.00	70.00
1970-01-01 01:09:53	37	19	686	1763	18.00	92.00
1970-01-01 01:09:54	35	19	662	1702	18.00	89.00
1970-01-01 01:09:55	33	19	603	1691	18.00	89.00
1970-01-01 01:09:56	39	19	749	1529	19.00	80.00
1970-01-01 01:09:57	31	19	578	1549	18.00	81.00
1970-01-01 01:09:58	35	19	705	1712	20.00	90.00
1970-01-01 01:09:59	35	19	674	1553	19.00	81.00
1970-01-01 01:10:00	35	19	667	1574	19.00	82.00
1970-01-01 01:10:01	35	19	680	1552	19.00	81.00
1970-01-01 01:10:02	35	19	638	1593	18.00	83.00
1970-01-01 01:10:03	39	19	748	1511	19.00	79.00
1970-01-01 01:10:04	36	19	658	1571	18.00	82.00
1970-01-01 01:10:05	34	19	648	1540	19.00	81.00
1970-01-01 01:10:06	30	19	562	1415	18.00	74.00
1970-01-01 01:10:07	33	19	603	1661	18.00	87.00
1970-01-01 01:10:08	32	19	614	1397	19.00	73.00
1970-01-01 01:10:09	35	19	659	1489	18.00	78.00
1970-01-01 01:10:10	37	19	693	1699	18.00	89.00
1970-01-01 01:10:11	30	19	576	1277	19.00	67.00
1970-01-01 01:10:12	34	19	618	1345	18.00	70.00
1970-01-01 01:10:13	33	19	632	1581	19.00	83.00
1970-01-01 01:10:14	33	19	634	1345	19.00	70.00
1970-01-01 01:10:15	37	19	703	1614	19.00	84.00
1970-01-01 01:10:16	30	19	560	1350	18.00	71.00
1970-01-01 01:10:17	35	19	667	1628	19.00	85.00
1970-01-01 01:10:18	35	20	677	1449	19.00	72.00
1970-01-01 01:10:19	39	16	707	1500	18.00	93.00
1970-01-01 01:10:20	39	19	745	1359	19.00	71.00
1970-01-01 01:10:21	41	19	763	1596	18.00	84.00
1970-01-01 01:10:22	37	19	718	1382	19.00	72.00
1970-01-01 01:10:23	27	19	515	1540	19.00	81.00
1970-01-01 01:10:24	40	19	745	1462	18.00	76.00
1970-01-01 01:10:25	41	19	756	1168	18.00	61.00
1970-01-01 01:10:26	29	19	532	1382	18.00	72.00
1970-01-01 01:10:27	34	19	638	1300	18.00	68.00
1970-01-01 01:10:28	37	19	693	1591	18.00	83.00
1970-01-01 01:10:29	36	19	680	1565	18.00	82.00
1970-01-01 01:10:30	40	19	751	1748	18.00	92.00
1970-01-01 01:10:31	36	19	673	1494	18.00	78.00
1970-01-01 01:10:32	35	19	675	1540	19.00	81.00
1970-01-01 01:10:33	34	18	625	4823	18.00	267.00
1970-01-01 01:10:34	33	20	612	5256	18.00	262.00
1970-01-01 01:10:35	37	18	711	4681	19.00	260.00
1970-01-01 01:10:36	31	18	566	5175	18.00	287.00
1970-01-01 01:10:37	28	19	495	4230	17.00	222.00
1970-01-01 01:10:38	38	19	712	1783	18.00	93.00
1970-01-01 01:10:39	43	18	805	1273	18.00	70.00
1970-01-01 01:10:40	36	20	667	5442	18.00	272.00
1970-01-01 01:10:41	35	21	654	5358	18.00	255.00
1970-01-01 01:10:42	36	19	667	4717	18.00	248.00
1970-01-01 01:10:43	33	19	661	4881	20.00	256.00
1970-01-01 01:10:44	37	22	700	5621	18.00	255.00
1970-01-01 01:10:45	41	19	755	1846	18.00	97.00
1970-01-01 01:10:46	41	20	770	1458	18.00	72.00
1970-01-01 01:10:47	36	17	669	1390	18.00	81.00
1970-01-01 01:10:48	36	20	691	1575	19.00	78.00
1970-01-01 01:10:49	31	19	609	1544	19.00	81.00
1970-01-01 01:10:50	35	19	658	1388	18.00	73.00
1970-01-01 01:10:51	36	20	674	1581	18.00	79.00
1970-01-01 01:10:52	30	19	554	1682	18.00	88.00
1970-01-01 01:10:53	32	19	609	1610	19.00	84.00
1970-01-01 01:10:54	34	19	637	1503	18.00	79.00
1970-01-01 01:10:55	38	19	699	1690	18.00	88.00
1970-01-01 01:10:56	32	19	611	1593	19.00	83.00
1970-01-01 01:10:57	37	19	694	1393	18.00	73.00
1970-01-01 01:10:58	35	19	660	1544	18.00	81.00
1970-01-01 01:10:59	36	19	677	1322	18.00	69.00
1970-01-01 01:11:00	42	19	758	1607	18.00	84.00
1970-01-01 01:11:01	33	19	611	1433	18.00	75.00
1970-01-01 01:11:02	41	19	781	1507	19.00	79.00
1970-01-01 01:11:03	40	19	744	1713	18.00	90.00
1970-01-01 01:11:04	36	19	657	1334	18.00	70.00
1970-01-01 01:11:05	35	19	695	1510	19.00	79.00
1970-01-01 01:11:06	40	19	738	1625	18.00	85.00
1970-01-01 01:11:07	41	19	797	1727	19.00	90.00
1970-01-01 01:11:08	34	19	644	1640	18.00	86.00
1970-01-01 01:11:09	30	19	569	1539	18.00	81.00
1970-01-01 01:11:10	39	19	751	1723	19.00	90.00
1970-01-01 01:11:11	40	21	745	1569	18.00	74.00
1970-01-01 01:11:12	37	20	674	1558	18.00	77.00
1970-01-01 01:11:13	35	19	661	1327	18.00	69.00
1970-01-01 01:11:14	47	19	883	1650	18.00	86.00
1970-01-01 01:11:15	32	20	607	1617	18.00	80.00
1970-01-01 01:11:16	30	20	567	1413	18.00	70.00
1970-01-01 01:11:17	32	18	629	1470	19.00	81.00
1970-01-01 01:11:18	36	19	678	1587	18.00	83.00
1970-01-01 01:11:19	40	19	750	1434	18.00	75.00
1970-01-01 01:11:20	39	19	731	1444	18.00	76.00
1970-01-01 01:11:21	25	19	477	1653	19.00	87.00
1970-01-01 01:11:22	29	19	560	1418	19.00	74.00
1970-01-01 01:11:23	35	19	671	1387	19.00	73.00
1970-01-01 01:11:24	30	19	592	1573	19.00	82.00
1970-01-01 01:11:25	37	19	733	1457	19.00	76.00
1970-01-01 01:11:26	34	19	629	1540	18.00	81.00
1970-01-01 01:11:27	35	19	661	1293	18.00	68.00
1970-01-01 01:11:28	37	19	676	1497	18.00	78.00
1970-01-01 01:11:29	36	19	665	1289	18.00	67.00
1970-01-01 01:11:30	37	19	712	1550	19.00	81.00
1970-01-01 01:11:31	32	17	604	1289	18.00	75.00
1970-01-01 01:11:32	35	18	676	1183	19.00	65.00
1970-01-01 01:11:33	32	17	616	962	19.00	56.00
1970-01-01 01:11:34	37	19	719	1642	19.00	86.00
1970-01-01 01:11:35	31	19	587	1821	18.00	95.00
1970-01-01 01:11:36	42	19	818	1468	19.00	77.00
1970-01-01 01:11:37	32	19	592	1474	18.00	77.00
1970-01-01 01:11:38	40	19	741	1417	18.00	74.00
1970-01-01 01:11:39	32	19	600	1375	18.00	72.00
1970-01-01 01:11:40	40	19	767	1571	19.00	82.00
1970-01-01 01:11:41	44	19	838	1425	19.00	75.00
1970-01-01 01:11:42	41	19	771	1648	18.00	86.00
1970-01-01 01:11:43	29	19	537	1543	18.00	81.00
1970-01-01 01:11:44	34	22	642	1757	18.00	79.00
1970-01-01 01:11:45	36	21	673	1656	18.00	78.00
1970-01-01 01:11:46	35	19	641	1532	18.00	80.00
1970-01-01 01:11:47	44	19	805	1553	18.00	81.00
1970-01-01 01:11:48	45	19	808	1229	17.00	64.00
1970-01-01 01:11:49	34	19	637	1603	18.00	84.00
1970-01-01 01:11:50	33	19	622	1509	18.00	79.00
1970-01-01 01:11:51	41	19	775	1361	18.00	71.00
1970-01-01 01:11:52	26	21	501	1587	19.00	75.00
1970-01-01 01:11:53	35	19	693	1700	19.00	89.00
1970-01-01 01:11:54	38	19	675	1588	17.00	83.00
1970-01-01 01:11:55	39	19	741	1493	19.00	78.00
1970-01-01 01:11:56	32	19	623	1348	19.00	70.00
1970-01-01 01:11:57	39	19	710	1698	18.00	89.00
1970-01-01 01:11:58	37	19	708	1846	19.00	97.00
1970-01-01 01:11:59	36	19	668	1483	18.00	78.00
1970-01-01 01:12:00	31	19	576	1715	18.00	90.00
1970-01-01 01:12:01	35	19	674	1700	19.00	89.00
1970-01-01 01:12:02	30	19	550	1467	18.00	77.00
1970-01-01 01:12:03	28	19	530	1520	18.00	80.00
1970-01-01 01:12:04	36	19	648	1582	18.00	83.00
1970-01-01 01:12:05	31	19	585	1408	18.00	74.00
1970-01-01 01:12:06	33	19	633	1582	19.00	83.00
1970-01-01 01:12:07	27	19	529	1509	19.00	79.00
1970-01-01 01:12:08	35	19	665	1676	19.00	88.00
1970-01-01 01:12:09	35	19	668	1447	19.00	76.00
1970-01-01 01:12:10	34	19	616	1620	18.00	85.00
1970-01-01 01:12:11	38	19	703	1510	18.00	79.00
1970-01-01 01:12:12	32	19	609	4728	19.00	248.00
1970-01-01 01:12:13	37	19	680	5305	18.00	279.00
1970-01-01 01:12:14	33	19	625	5320	18.00	280.00
1970-01-01 01:12:15	29	18	551	5287	19.00	293.00
1970-01-01 01:12:16	41	21	783	5814	19.00	276.00
1970-01-01 01:12:17	36	19	678	1285	18.00	67.00
1970-01-01 01:12:18	40	19	753	1764	18.00	92.00
1970-01-01 01:12:19	38	19	720	1660	18.00	87.00
1970-01-01 01:12:20	39	19	705	1549	18.00	81.00
1970-01-01 01:12:21	35	19	686	1827	19.00	96.00
1970-01-01 01:12:22	41	19	775	1588	18.00	83.00
1970-01-01 01:12:23	32	23	612	1952	19.00	84.00
1970-01-01 01:12:24	36	20	681	1136	18.00	56.00
1970-01-01 01:12:25	34	19	645	1478	18.00	77.00
1970-01-01 01:12:26	38	19	707	1473	18.00	77.00
1970-01-01 01:12:27	39	19	729	1489	18.00	78.00
1970-01-01 01:12:28	37	19	696	1470	18.00	77.00
1970-01-01 01:12:29	34	19	662	1500	19.00	78.00
1970-01-01 01:12:30	34	19	650	1408	19.00	74.00
1970-01-01 01:12:31	39	19	726	1678	18.00	88.00
1970-01-01 01:12:32	36	19	675	1698	18.00	89.00
1970-01-01 01:12:33	31	19	564	1702	18.00	89.00
1970-01-01 01:12:34	33	19	617	1671	18.00	87.00
1970-01-01 01:12:35	29	19	530	1467	18.00	77.00
1970-01-01 01:12:36	33	19	603	1789	18.00	94.00
1970-01-01 01:12:37	35	19	665	1546	19.00	81.00
1970-01-01 01:12:38	32	19	595	1590	18.00	83.00
1970-01-01 01:12:39	39	19	727	1967	18.00	103.00
1970-01-01 01:12:40	30	19	567	1751	18.00	92.00
1970-01-01 01:12:41	39	19	756	1424	19.00	74.00
1970-01-01 01:12:42	30	19	566	1804	18.00	94.00
1970-01-01 01:12:43	35	19	667	1575	19.00	82.00
1970-01-01 01:12:44	34	19	656	1617	19.00	85.00
1970-01-01 01:12:45	32	19	605	1290	18.00	67.00
1970-01-01 01:12:46	38	19	730	1324	19.00	69.00
1970-01-01 01:12:47	40	19	757	1560	18.00	82.00
1970-01-01 01:12:48	38	19	712	1622	18.00	85.00
1970-01-01 01:12:49	37	19	726	1783	19.00	93.00
1970-01-01 01:12:50	35	19	689	1453	19.00	76.00
1970-01-01 01:12:51	33	19	632	1323	19.00	69.00
1970-01-01 01:12:52	39	19	739	1646	18.00	86.00
1970-01-01 01:12:53	30	19	558	1487	18.00	78.00
1970-01-01 01:12:54	34	19	642	1655	18.00	87.00
1970-01-01 01:12:55	26	19	486	1452	18.00	76.00
1970-01-01 01:12:56	39	19	721	1508	18.00	79.00
1970-01-01 01:12:57	38	19	699	1399	18.00	73.00
1970-01-01 01:12:58	36	19	674	1734	18.00	91.00
1970-01-01 01:12:59	42	19	794	1379	18.00	72.00
1970-01-01 01:13:00	32	19	626	1538	19.00	80.00
1970-01-01 01:13:01	34	19	622	1472	18.00	77.00
1970-01-01 01:13:02	44	19	815	1282	18.00	67.00
1970-01-01 01:13:03	37	19	684	1573	18.00	82.00
1970-01-01 01:13:04	36	19	700	1769	19.00	93.00
1970-01-01 01:13:05	30	19	577	1734	19.00	91.00
1970-01-01 01:13:06	33	19	622	1670	18.00	87.00
1970-01-01 01:13:07	38	20	720	1630	18.00	81.00
1970-01-01 01:13:08	35	19	683	1580	19.00	83.00
1970-01-01 01:13:09	27	19	512	1321	18.00	69.00
1970-01-01 01:13:10	44	19	810	1377	18.00	72.00
1970-01-01 01:13:11	37	19	657	1631	17.00	85.00
1970-01-01 01:13:12	34	19	644	1521	18.00	80.00
1970-01-01 01:13:13	42	19	821	1478	19.00	77.00
1970-01-01 01:13:14	38	19	706	1391	18.00	73.00
1970-01-01 01:13:15	29	19	536	1410	18.00	74.00
1970-01-01 01:13:16	33	19	608	1470	18.00	77.00
1970-01-01 01:13:17	43	19	805	1544	18.00	81.00
1970-01-01 01:13:18	44	19	840	1308	19.00	68.00
1970-01-01 01:13:19	39	19	724	1395	18.00	73.00
1970-01-01 01:13:20	39	19	730	1575	18.00	82.00
1970-01-01 01:13:21	37	19	698	1378	18.00	72.00
1970-01-01 01:13:22	41	19	786	1353	19.00	71.00
1970-01-01 01:13:23	39	19	758	1285	19.00	67.00
1970-01-01 01:13:24	42	19	819	1586	19.00	83.00
1970-01-01 01:13:25	32	19	617	1624	19.00	85.00
1970-01-01 01:13:26	34	19	624	1566	18.00	82.00
1970-01-01 01:13:27	37	19	668	1418	18.00	74.00
1970-01-01 01:13:28	27	19	513	1680	19.00	88.00
1970-01-01 01:13:29	44	19	849	1557	19.00	81.00
1970-01-01 01:13:30	34	19	654	1424	19.00	74.00
1970-01-01 01:13:31	41	19	759	1716	18.00	90.00
1970-01-01 01:13:32	30	19	606	1642	20.00	86.00
1970-01-01 01:13:33	34	19	648	1300	19.00	68.00
1970-01-01 01:13:34	35	19	655	1532	18.00	80.00
1970-01-01 01:13:35	36	19	678	1419	18.00	74.00
1970-01-01 01:13:36	35	19	660	1536	18.00	80.00
1970-01-01 01:13:37	41	19	774	1319	18.00	69.00
1970-01-01 01:13:38	32	19	590	1540	18.00	81.00
1970-01-01 01:13:39	31	19	597	1457	19.00	76.00
1970-01-01 01:13:40	45	19	835	1530	18.00	80.00
1970-01-01 01:13:41	33	19	628	1548	19.00	81.00
1970-01-01 01:13:42	33	19	615	1757	18.00	92.00
1970-01-01 01:13:43	37	20	708	1561	19.00	78.00
1970-01-01 01:13:44	35	18	651	1750	18.00	97.00
1970-01-01 01:13:45	38	18	725	1299	19.00	72.00
1970-01-01 01:13:46	36	19	677	1665	18.00	87.00
1970-01-01 01:13:47	39	19	768	1615	19.00	85.00
1970-01-01 01:13:48	42	19	775	1436	18.00	75.00
1970-01-01 01:13:49	37	19	683	1553	18.00	81.00
1970-01-01 01:13:50	39	19	716	1551	18.00	81.00
1970-01-01 01:13:51	29	19	562	1528	19.00	80.00
1970-01-01 01:13:52	39	19	728	1625	18.00	85.00
1970-01-01 01:13:53	32	19	606	1678	18.00	88.00
1970-01-01 01:13:54	38	19	740	1668	19.00	87.00
1970-01-01 01:13:55	30	19	562	1558	18.00	82.00
1970-01-01 01:13:56	39	19	710	1830	18.00	96.00
1970-01-01 01:13:57	32	19	628	1484	19.00	78.00
1970-01-01 01:13:58	28	19	542	1477	19.00	77.00
1970-01-01 01:13:59	32	19	595	1572	18.00	82.00
1970-01-01 01:14:00	37	19	707	5089	19.00	267.00
1970-01-01 01:14:01	33	18	661	4655	20.00	258.00
1970-01-01 01:14:02	35	20	642	5366	18.00	268.00
1970-01-01 01:14:03	37	18	714	4689	19.00	260.00
1970-01-01 01:14:04	30	19	568	4883	18.00	257.00
1970-01-01 01:14:05	38	19	724	1577	19.00	83.00
1970-01-01 01:14:06	32	19	597	1353	18.00	71.00
1970-01-01 01:14:07	36	19	684	1626	19.00	85.00
1970-01-01 01:14:08	32	19	618	1288	19.00	67.00
1970-01-01 01:14:09	34	19	640	1699	18.00	89.00
1970-01-01 01:14:10	40	19	773	1243	19.00	65.00
1970-01-01 01:14:11	35	19	679	1594	19.00	83.00
1970-01-01 01:14:12	34	19	614	1499	18.00	78.00
1970-01-01 01:14:13	28	19	522	1595	18.00	83.00
1970-01-01 01:14:14	37	19	673	1609	18.00	84.00
1970-01-01 01:14:15	30	19	571	1703	19.00	89.00
1970-01-01 01:14:16	30	19	568	1455	18.00	76.00
1970-01-01 01:14:17	34	17	640	1316	18.00	77.00
1970-01-01 01:14:18	32	17	575	1403	17.00	82.00
1970-01-01 01:14:19	44	20	847	1578	19.00	78.00
1970-01-01 01:14:20	38	19	705	1301	18.00	68.00
1970-01-01 01:14:21	40	19	760	1559	19.00	82.00
1970-01-01 01:14:22	33	19	629	1388	19.00	73.00
1970-01-01 01:14:23	30	19	550	1492	18.00	78.00
1970-01-01 01:14:24	35	19	653	1450	18.00	76.00
1970-01-01 01:14:25	35	19	669	1579	19.00	83.00
1970-01-01 01:14:26	31	19	578	1387	18.00	73.00
1970-01-01 01:14:27	26	19	506	1481	19.00	77.00
1970-01-01 01:14:28	40	19	745	1581	18.00	83.00
1970-01-01 01:14:29	29	19	571	1372	19.00	72.00
1970-01-01 01:14:30	32	19	600	1617	18.00	85.00
1970-01-01 01:14:31	30	19	564	1387	18.00	73.00
1970-01-01 01:14:32	34	19	632	1562	18.00	82.00
1970-01-01 01:14:33	30	19	580	1686	19.00	88.00
1970-01-01 01:14:34	38	19	740	1759	19.00	92.00
1970-01-01 01:14:35	40	19	713	1504	17.00	79.00
1970-01-01 01:14:36	47	19	886	1354	18.00	71.00
1970-01-01 01:14:37	29	19	542	1152	18.00	60.00
1970-01-01 01:14:38	37	19	690	1444	18.00	76.00
1970-01-01 01:14:39	31	19	589	1575	19.00	82.00
1970-01-01 01:14:40	40	19	742	1501	18.00	79.00
1970-01-01 01:14:41	36	19	664	1508	18.00	79.00
1970-01-01 01:14:42	27	19	510	1632	18.00	85.00
1970-01-01 01:14:43	38	19	715	1419	18.00	74.00
1970-01-01 01:14:44	40	19	735	1489	18.00	78.00
1970-01-01 01:14:45	34	19	648	1544	19.00	81.00
1970-01-01 01:14:46	36	19	677	1410	18.00	74.00
1970-01-01 01:14:47	33	19	613	1427	18.00	75.00
1970-01-01 01:14:48	30	19	582	1475	19.00	77.00
1970-01-01 01:14:49	37	20	703	1369	19.00	68.00
1970-01-01 01:14:50	28	20	549	1814	19.00	90.00
1970-01-01 01:14:51	43	19	818	1540	19.00	81.00
1970-01-01 01:14:52	37	19	716	1814	19.00	95.00
1970-01-01 01:14:53	36	19	671	1335	18.00	70.00
1970-01-01 01:14:54	38	19	732	1701	19.00	89.00
1970-01-01 01:14:55	44	19	828	1438	18.00	75.00
1970-01-01 01:14:56	31	21	581	1440	18.00	68.00
1970-01-01 01:14:57	34	20	630	1313	18.00	65.00
1970-01-01 01:14:58	31	19	588	1361	18.00	71.00
1970-01-01 01:14:59	41	19	773	1383	18.00	72.00
1970-01-01 01:15:00	31	19	580	1656	18.00	87.00
1970-01-01 01:15:01	32	19	595	1532	18.00	80.00
1970-01-01 01:15:02	36	19	687	1210	19.00	63.00
1970-01-01 01:15:03	34	19	639	1622	18.00	85.00
1970-01-01 01:15:04	27	19	522	1476	19.00	77.00
1970-01-01 01:15:05	28	20	551	1649	19.00	82.00
1970-01-01 01:15:06	39	21	720	2024	18.00	96.00
1970-01-01 01:15:07	33	19	625	1647	18.00	86.00
1970-01-01 01:15:08	43	19	816	1669	18.00	87.00
1970-01-01 01:15:09	34	19	651	1419	19.00	74.00
1970-01-01 01:15:10	35	19	645	1494	18.00	78.00
1970-01-01 01:15:11	37	22	703	1887	19.00	85.00
1970-01-01 01:15:12	32	18	597	1669	18.00	92.00
1970-01-01 01:15:13	32	19	608	1492	19.00	78.00
1970-01-01 01:15:14	32	19	631	1686	19.00	88.00
1970-01-01 01:15:15	24	19	457	1500	19.00	78.00
1970-01-01 01:15:16	25	19	460	1605	18.00	84.00
1970-01-01 01:15:17	35	19	649	1811	18.00	95.00
1970-01-01 01:15:18	32	19	599	1531	18.00	80.00
1970-01-01 01:15:19	38	19	772	1669	20.00	87.00
1970-01-01 01:15:20	43	19	796	1503	18.00	79.00
1970-01-01 01:15:21	35	19	636	1759	18.00	92.00
1970-01-01 01:15:22	40	19	761	1537	19.00	80.00
1970-01-01 01:15:23	34	19	647	1417	19.00	74.00
1970-01-01 01:15:24	38	23	676	2045	17.00	88.00
1970-01-01 01:15:25	23	21	444	1569	19.00	74.00
1970-01-01 01:15:26	38	16	726	1417	19.00	88.00
1970-01-01 01:15:27	34	19	639	1680	18.00	88.00
1970-01-01 01:15:28	37	19	728	1212	19.00	63.00
1970-01-01 01:15:29	42	19	782	1477	18.00	77.00
1970-01-01 01:15:30	30	19	561	1565	18.00	82.00
1970-01-01 01:15:31	40	20	776	1399	19.00	69.00
1970-01-01 01:15:32	40	19	762	1304	19.00	68.00
1970-01-01 01:15:33	26	20	508	1688	19.00	84.00
1970-01-01 01:15:34	33	19	619	1622	18.00	85.00
1970-01-01 01:15:35	29	19	545	1265	18.00	66.00
1970-01-01 01:15:36	35	19	644	1405	18.00	73.00
1970-01-01 01:15:37	34	19	628	1440	18.00	75.00
1970-01-01 01:15:38	33	19	650	1530	19.00	80.00
1970-01-01 01:15:39	36	19	734	1607	20.00	84.00
1970-01-01 01:15:40	32	19	587	1500	18.00	78.00
1970-01-01 01:15:41	36	19	685	1554	19.00	81.00
1970-01-01 01:15:42	43	19	819	1442	19.00	75.00
1970-01-01 01:15:43	33	19	609	1574	18.00	82.00
1970-01-01 01:15:44	31	19	579	1530	18.00	80.00
1970-01-01 01:15:45	42	19	761	1410	18.00	74.00
1970-01-01 01:15:46	35	19	648	1604	18.00	84.00
1970-01-01 01:15:47	28	19	526	1534	18.00	80.00
1970-01-01 01:15:48	41	19	789	1718	19.00	90.00
1970-01-01 01:15:49	38	19	699	1413	18.00	74.00
1970-01-01 01:15:50	37	19	709	1570	19.00	82.00
1970-01-01 01:15:51	35	19	678	1728	19.00	90.00
1970-01-01 01:15:52	40	19	761	1721	19.00	90.00
1970-01-01 01:15:53	38	19	708	1599	18.00	84.00
1970-01-01 01:15:54	40	19	739	1617	18.00	85.00
1970-01-01 01:15:55	38	19	730	1485	19.00	78.00
1970-01-01 01:15:56	32	19	604	1493	18.00	78.00
1970-01-01 01:15:57	30	19	557	1551	18.00	81.00
1970-01-01 01:15:58	34	19	662	1821	19.00	95.00
1970-01-01 01:15:59	35	19	633	1833	18.00	96.00
1970-01-01 01:16:00	43	19	795	1576	18.00	82.00
1970-01-01 01:16:01	34	22	630	1588	18.00	72.00
1970-01-01 01:16:02	36	18	659	1478	18.00	82.00
1970-01-01 01:16:03	46	14	835	1348	18.00	96.00
1970-01-01 01:16:04	32	19	602	1495	18.00	78.00
1970-01-01 01:16:05	34	19	642	1724	18.00	90.00
1970-01-01 01:16:06	32	19	629	1566	19.00	82.00
1970-01-01 01:16:07	39	19	742	1560	19.00	82.00
1970-01-01 01:16:08	44	19	832	1608	18.00	84.00
1970-01-01 01:16:09	34	19	657	1356	19.00	71.00
1970-01-01 01:16:10	31	19	589	1540	19.00	81.00
1970-01-01 01:16:11	29	19	565	1525	19.00	80.00
1970-01-01 01:16:12	33	19	623	1378	18.00	72.00
1970-01-01 01:16:13	33	19	606	1612	18.00	84.00
1970-01-01 01:16:14	38	19	732	1469	19.00	77.00
1970-01-01 01:16:15	31	19	571	1717	18.00	90.00
1970-01-01 01:16:16	30	19	565	1693	18.00	89.00
1970-01-01 01:16:17	37	19	704	1534	19.00	80.00
1970-01-01 01:16:18	31	19	559	1659	18.00	87.00
1970-01-01 01:16:19	33	19	618	1423	18.00	74.00
1970-01-01 01:16:20	40	19	732	1714	18.00	90.00
1970-01-01 01:16:21	42	19	790	1495	18.00	78.00
1970-01-01 01:16:22	41	19	780	1411	19.00	74.00
1970-01-01 01:16:23	30	19	572	1726	19.00	90.00
1970-01-01 01:16:24	44	19	810	1535	18.00	80.00
1970-01-01 01:16:25	42	19	776	1493	18.00	78.00
1970-01-01 01:16:26	36	19	692	1580	19.00	83.00
1970-01-01 01:16:27	36	19	667	1549	18.00	81.00
1970-01-01 01:16:28	32	19	614	1660	19.00	87.00
1970-01-01 01:16:29	38	19	731	1512	19.00	79.00
1970-01-01 01:16:30	41	19	746	1681	18.00	88.00
1970-01-01 01:16:31	42	19	781	1548	18.00	81.00
1970-01-01 01:16:32	33	19	636	1550	19.00	81.00
1970-01-01 01:16:33	38	19	697	1748	18.00	92.00
1970-01-01 01:16:34	35	19	662	1829	18.00	96.00
1970-01-01 01:16:35	37	19	700	1350	18.00	71.00
1970-01-01 01:16:36	41	19	800	1470	19.00	77.00
1970-01-01 01:16:37	36	19	644	1464	17.00	77.00
1970-01-01 01:16:38	34	19	669	1749	19.00	92.00
1970-01-01 01:16:39	38	17	704	1621	18.00	95.00
1970-01-01 01:16:40	46	20	877	1811	19.00	90.00
1970-01-01 01:16:41	40	20	743	1475	18.00	73.00
1970-01-01 01:16:42	40	19	745	1348	18.00	70.00
1970-01-01 01:16:43	35	19	648	1497	18.00	78.00
1970-01-01 01:16:44	36	19	654	1661	18.00	87.00
1970-01-01 01:16:45	37	19	692	1432	18.00	75.00
1970-01-01 01:16:46	39	19	742	1757	19.00	92.00
1970-01-01 01:16:47	31	19	598	1441	19.00	75.00
1970-01-01 01:16:48	34	19	664	1596	19.00	84.00
1970-01-01 01:16:49	35	19	663	1766	18.00	92.00
1970-01-01 01:16:50	43	19	836	1673	19.00	88.00
1970-01-01 01:16:51	34	19	617	1588	18.00	83.00
1970-01-01 01:16:52	35	19	656	1820	18.00	95.00
1970-01-01 01:16:53	34	19	649	1505	19.00	79.00
1970-01-01 01:16:54	33	19	601	1494	18.00	78.00
1970-01-01 01:16:55	31	19	564	1476	18.00	77.00
1970-01-01 01:16:56	32	19	564	1330	17.00	70.00
1970-01-01 01:16:57	30	19	578	1837	19.00	96.00
1970-01-01 01:16:58	35	19	658	1776	18.00	93.00
1970-01-01 01:16:59	30	19	582	1755	19.00	92.00
1970-01-01 01:17:00	39	19	721	1839	18.00	96.00
1970-01-01 01:17:01	37	21	699	1479	18.00	70.00
1970-01-01 01:17:02	39	19	712	1487	18.00	78.00
1970-01-01 01:17:03	42	20	797	1803	18.00	90.00
1970-01-01 01:17:04	36	19	677	1601	18.00	84.00
1970-01-01 01:17:05	34	19	639	1447	18.00	76.00
1970-01-01 01:17:06	33	19	600	1657	18.00	87.00
1970-01-01 01:17:07	32	19	575	1506	17.00	79.00
1970-01-01 01:17:08	30	19	583	1475	19.00	77.00
1970-01-01 01:17:09	35	19	650	1385	18.00	72.00
1970-01-01 01:17:10	31	19	544	1416	17.00	74.00
1970-01-01 01:17:11	47	19	865	1534	18.00	80.00
1970-01-01 01:17:12	34	19	656	1757	19.00	92.00
1970-01-01 01:17:13	44	19	830	1445	18.00	76.00
1970-01-01 01:17:14	32	19	596	1615	18.00	85.00
1970-01-01 01:17:15	31	19	587	1605	18.00	84.00
1970-01-01 01:17:16	31	19	574	1878	18.00	98.00
1970-01-01 01:17:17	34	19	641	1515	18.00	79.00
1970-01-01 01:17:18	39	17	742	1462	19.00	86.00
1970-01-01 01:17:19	35	22	661	1997	18.00	90.00
1970-01-01 01:17:20	37	20	697	1607	18.00	80.00
1970-01-01 01:17:21	33	19	625	1527	18.00	80.00
1970-01-01 01:17:22	34	19	633	1402	18.00	73.00
1970-01-01 01:17:23	32	19	596	1421	18.00	74.00
1970-01-01 01:17:24	44	19	831	1176	18.00	61.00
1970-01-01 01:17:25	33	19	607	1771	18.00	93.00
1970-01-01 01:17:26	34	19	643	1516	18.00	79.00
1970-01-01 01:17:27	33	19	595	1596	18.00	84.00
1970-01-01 01:17:28	37	19	691	1528	18.00	80.00
1970-01-01 01:17:29	33	19	637	1192	19.00	62.00
1970-01-01 01:17:30	33	19	627	1456	19.00	76.00
1970-01-01 01:17:31	31	19	602	1457	19.00	76.00
1970-01-01 01:17:32	28	17	517	4770	18.00	280.00
1970-01-01 01:17:33	39	21	750	5717	19.00	272.00
1970-01-01 01:17:34	35	21	655	5605	18.00	266.00
1970-01-01 01:17:35	29	20	559	5257	19.00	262.00
1970-01-01 01:17:36	34	19	631	5041	18.00	265.00
1970-01-01 01:17:37	0	20	0	5398	0	269.00
